"Phenotype data set -- Mouse Phenome Database (phenome.jax.org)",,,,,,,,
"Data set: Nelson1    Title: Effects of dietary restriction on body composition and lifespan: life extension and life shortening in 44 ILSXISS recombinant inbred strains of mice    Year: 2010",,,,,,,,
"Table of individual animal values",,,,,,,,,,,
"For metadata and more info please see:  http://phenome.jax.org/db/q?rtn=projects/details&sym=Nelson1&mlistmode=varnames",,,,,,,,,,
,,,,,,,,,,,
strain,sex,id,diet,bw_AL,bw_DR,lean_AL,lean_DR,fat_AL,fat_DR,pct_fat_AL,pct_fat_DR,lifespan_AL,lifespan_DR,DOB,Group,DOD,coat_color,strain_key
ILSXISS3/TejJ,f,3_28_10,AL,24.0,,18.2,,4.74,,20.6,,1045,,07/12/2005,"AL FC",05/22/08,brown,3
ILSXISS3/TejJ,f,3_28_16,AL,26.8,,20.1,,5.73,,22.2,,734,,07/12/2005,"AL FC",07/16/07,brown,3
ILSXISS3/TejJ,f,3_28_9,AL,25.0,,17.9,,5.13,,22.3,,1048,,07/12/2005,"AL FC",05/25/08,brown,3
ILSXISS3/TejJ,f,3_28_8,AL,25.0,,18.0,,5.71,,24.1,,836,,07/12/2005,"AL FC",10/26/07,brown,3
ILSXISS3/TejJ,f,3_28_5,AL,24.2,,15.3,,5.15,,25.2,,1214,,06/21/2005,"AL FC",10/17/08,brown,3
ILSXISS3/TejJ,f,3_28_22,DR,,23.2,,16.4,,6.01,,26.9,,981,08/05/2005,"CR start 11/18/05",04/12/08,brown,3
ILSXISS3/TejJ,f,3_28_25,DR,,25.5,,16.8,,7.42,,30.6,,1165,08/29/2005,"CR start 11/18/05",11/06/08,brown,3
ILSXISS3/TejJ,f,3_28_26,DR,,24.4,,15.4,,7.13,,31.6,,792,08/29/2005,"CR start 11/18/05",10/30/07,brown,3
ILSXISS3/TejJ,f,3_28_32,DR,,22.3,,13.3,,7.84,,37.1,,1127,10/20/2005,"CR start 11/18/05",11/20/08,brown,3
ILSXISS3/TejJ,f,3_28_23,DR,,31.6,,17.5,,13.3,,43.2,,1158,08/05/2005,"CR start 11/18/05",10/06/08,brown,3
ILSXISS3/TejJ,m,3_28_7,AL,25.9,,21.4,,4.76,,18.2,,1064,,07/12/2005,"AL FC",06/10/08,brown,3
ILSXISS3/TejJ,m,3_28_4,AL,29.0,,21.9,,5.83,,21.0,,803,,06/21/2005,"AL FC",09/02/07,brown,3
ILSXISS3/TejJ,m,3_28_1,AL,26.9,,21.8,,7.18,,24.8,,700,,06/21/2005,"AL FC",05/22/07,brown,3
ILSXISS3/TejJ,m,3_28_2,AL,,,,,,,,,96,,06/21/2005,"AL FC",09/25/05,brown,3
ILSXISS3/TejJ,m,3_28_3,AL,,,,,,,,,99,,06/21/2005,"AL FC",09/28/05,brown,3
ILSXISS3/TejJ,m,3_28_12,DR,,29.7,,21.2,,6.88,,24.5,,581,07/12/2005,"CR start 11/18/05",02/13/07,brown,3
ILSXISS3/TejJ,m,3_28_13,DR,,31.9,,21.1,,9.31,,30.7,,774,07/12/2005,"CR start 11/18/05",08/25/07,brown,3
ILSXISS3/TejJ,m,3_28_14,DR,,33.5,,21.7,,10.7,,33.0,,661,07/12/2005,"CR start 11/18/05",05/04/07,brown,3
ILSXISS3/TejJ,m,3_28_15,DR,,34.1,,22.3,,11.3,,33.6,,943,07/12/2005,"CR start 11/18/05",02/10/08,brown,3
ILSXISS3/TejJ,m,3_28_11,DR,,,,,,,,,,159,07/12/2005,"CR start 11/18/05",12/18/05,brown,3
ILSXISS7/TejJ,f,7_29_14,AL,19.2,,14.5,,2.85,,16.4,,1210,,07/09/2005,"AL FC",10/31/08,albino,7
ILSXISS7/TejJ,f,7_29_5,AL,21.1,,15.5,,3.13,,16.8,,892,,06/04/2005,"AL FC",11/13/07,albino,7
ILSXISS7/TejJ,f,7_29_7,AL,23.1,,16.4,,5.18,,24.0,,1143,,06/26/2005,"AL FC",08/12/08,albino,7
ILSXISS7/TejJ,f,7_29_15,AL,25.5,,17.2,,5.96,,25.7,,1146,,07/09/2005,"AL FC",08/28/08,albino,7
ILSXISS7/TejJ,f,7_29_6,AL,28.7,,18.4,,8.94,,32.6,,979,,06/26/2005,"AL FC",03/01/08,albino,7
ILSXISS7/TejJ,f,7_29_16,DR,,,,,,,,,,393,07/09/2005,"CR start 1/4/06",08/06/06,albino,7
ILSXISS7/TejJ,f,7_29_19,DR,,,,,,,,,,202,07/12/2005,"CR start 1/4/06",01/30/06,albino,7
ILSXISS7/TejJ,f,7_29_20,DR,,,,,,,,,,421,07/12/2005,"CR start 1/4/06",09/06/06,albino,7
ILSXISS7/TejJ,m,7_29_11,AL,27.7,,22.1,,2.67,,10.8,,982,,07/09/2005,"AL FC",03/17/08,albino,7
ILSXISS7/TejJ,m,7_29_10,AL,27.1,,21.1,,4.22,,16.6,,1136,,07/09/2005,"AL FC",08/18/08,albino,7
ILSXISS7/TejJ,m,7_29_9,AL,28.8,,19.4,,6.54,,25.2,,1048,,07/09/2005,"AL FC",05/22/08,albino,7
ILSXISS7/TejJ,m,7_29_8,AL,34.2,,22.4,,10.3,,31.6,,1053,,06/26/2005,"AL FC",05/14/08,albino,7
ILSXISS7/TejJ,m,7_29_12,AL,38.7,,22.4,,14.5,,39.3,,1017,,07/09/2005,"AL FC",04/21/08,albino,7
ILSXISS7/TejJ,m,7_29_17,DR,,21.6,,17.1,,3.52,,17.1,,1181,07/12/2005,"CR start 11/18/05",10/05/08,albino,7
ILSXISS7/TejJ,m,7_29_21,DR,,20.9,,16.2,,3.42,,17.4,,1126,09/15/2005,"CR start 11/18/05",10/15/08,albino,7
ILSXISS7/TejJ,m,7_29_18,DR,,23.4,,18.1,,4.14,,18.6,,980,07/12/2005,"CR start 11/18/05",03/18/08,albino,7
ILSXISS7/TejJ,m,7_29_13,DR,,,,,,,,,,149,07/09/2005,"CR start 11/18/05",12/05/05,albino,7
ILSXISS7/TejJ,m,7_29_22,DR,,,,,,,,,,84,09/15/2005,"CR start 11/18/05",12/08/05,albino,7
ILSXISS13/TejJ,f,13_27_11,AL,22.4,,17.6,,3.90,,18.2,,936,,06/02/2005,"AL FC",12/25/07,albino,13
ILSXISS13/TejJ,f,13_27_8,AL,19.7,,15.8,,3.53,,18.2,,863,,06/02/2005,"AL FC",10/13/07,albino,13
ILSXISS13/TejJ,f,13_27_10,AL,21.9,,17.1,,3.90,,18.6,,853,,06/02/2005,"AL FC",10/03/07,albino,13
ILSXISS13/TejJ,f,13_27_7,AL,22.5,,17.8,,4.36,,19.7,,917,,06/02/2005,"AL FC",12/06/07,albino,13
ILSXISS13/TejJ,f,13_27_9,AL,22.2,,17.5,,4.86,,21.7,,826,,06/02/2005,"AL FC",09/06/07,albino,13
ILSXISS13/TejJ,f,13_27_19,DR,,20.1,,14.0,,3.70,,20.9,,967,07/20/2005,"CR start 11/18/05",03/13/08,albino,13
ILSXISS13/TejJ,f,13_27_18,DR,,19.6,,13.9,,3.70,,21.0,,673,07/20/2005,"CR start 11/18/05",05/24/07,albino,13
ILSXISS13/TejJ,f,13_27_20,DR,,17.8,,12.4,,3.31,,21.0,,977,07/20/2005,"CR start 11/18/05",03/23/08,albino,13
ILSXISS13/TejJ,f,13_27_17,DR,,19.0,,12.9,,3.75,,22.6,,937,07/20/2005,"CR start 11/18/05",02/12/08,albino,13
ILSXISS13/TejJ,f,13_27_12,DR,,,,,,,,,,187,06/02/2005,"CR start 11/18/05",12/06/05,albino,13
ILSXISS13/TejJ,m,13_27_1,AL,24.3,,19.0,,3.65,,16.1,,683,,06/02/2005,"AL FC",04/16/07,albino,13
ILSXISS13/TejJ,m,13_27_2,AL,26.7,,20.8,,4.59,,18.1,,908,,06/02/2005,"AL FC",11/27/07,albino,13
ILSXISS13/TejJ,m,13_27_4,AL,24.5,,18.8,,4.56,,19.6,,938,,06/02/2005,"AL FC",12/27/07,albino,13
ILSXISS13/TejJ,m,13_27_3,AL,23.9,,18.7,,4.74,,20.2,,684,,06/02/2005,"AL FC",04/17/07,albino,13
ILSXISS13/TejJ,m,13_27_5,AL,26.9,,19.8,,6.29,,24.1,,696,,06/02/2005,"AL FC",04/29/07,albino,13
ILSXISS13/TejJ,m,13_27_6,DR,,20.5,,16.0,,3.89,,19.5,,846,06/02/2005,"CR start 11/18/05",09/26/07,albino,13
ILSXISS13/TejJ,m,13_27_15,DR,,22.8,,17.0,,4.21,,19.9,,973,07/20/2005,"CR start 11/18/05",03/19/08,albino,13
ILSXISS13/TejJ,m,13_27_16,DR,,20.5,,15.1,,3.79,,20.1,,956,07/20/2005,"CR start 11/18/05",03/02/08,albino,13
ILSXISS13/TejJ,m,13_27_14,DR,,22.0,,15.8,,4.41,,21.8,,927,07/20/2005,"CR start 11/18/05",02/02/08,albino,13
ILSXISS13/TejJ,m,13_27_13,DR,,23.2,,16.6,,5.55,,25.1,,962,07/20/2005,"CR start 11/18/05",03/08/08,albino,13
ILSXISS14/TejJ,m,14_29_5,AL,30.1,,21.9,,6.99,,24.2,,946,,06/01/2005,"AL FC",01/03/08,albino,14
ILSXISS14/TejJ,m,14_29_3,AL,33.8,,24.4,,8.17,,25.1,,694,,06/01/2005,"AL FC",04/26/07,albino,14
ILSXISS14/TejJ,m,14_29_1,AL,33.4,,22.9,,8.96,,28.1,,659,,06/01/2005,"AL FC",03/22/07,albino,14
ILSXISS14/TejJ,m,14_29_4,AL,32.4,,22.7,,9.14,,28.7,,994,,06/01/2005,"AL FC",02/20/08,albino,14
ILSXISS14/TejJ,m,14_29_2,AL,34.2,,22.4,,11.1,,33.0,,1032,,06/01/2005,"AL FC",03/29/08,albino,14
ILSXISS14/TejJ,m,14_29_6,DR,,20.4,,17.6,,2.56,,12.7,,1100,06/01/2005,"CR start 11/18/05",06/05/08,albino,14
ILSXISS14/TejJ,m,14_29_7,DR,,22.0,,18.9,,3.01,,13.7,,925,06/01/2005,"CR start 11/18/05",12/13/07,albino,14
ILSXISS14/TejJ,m,14_29_12,DR,,24.5,,18.4,,3.51,,16.0,,1084,07/22/2005,"CR start 11/18/05",07/10/08,albino,14
ILSXISS14/TejJ,m,14_29_11,DR,,24.8,,18.5,,4.02,,17.8,,1041,07/22/2005,"CR start 11/18/05",05/28/08,albino,14
ILSXISS14/TejJ,m,14_29_14,DR,,18.9,,14.6,,3.79,,20.6,,1026,09/09/2005,"CR start 11/18/05",07/01/08,albino,14
ILSXISS16/TejJ,f,16_28_10,AL,21.3,,16.3,,3.60,,18.1,,852,,07/20/2005,"AL FC",11/19/07,albino,16
ILSXISS16/TejJ,f,16_28_8,AL,23.1,,16.8,,4.93,,22.7,,687,,05/29/2005,"AL FC",04/16/07,albino,16
ILSXISS16/TejJ,f,16_28_12,AL,23.5,,17.4,,5.39,,23.6,,904,,07/20/2005,"AL FC",01/10/08,albino,16
ILSXISS16/TejJ,f,16_28_11,AL,,,,,,,,,440,,07/20/2005,"AL FC",10/03/06,albino,16
ILSXISS16/TejJ,f,16_28_7,AL,,,,,,,,,421,,05/29/2005,"AL FC",07/24/06,albino,16
ILSXISS16/TejJ,f,16_28_16,DR,,16.1,,12.1,,1.68,,12.2,,485,07/23/2005,"CR start 11/18/05",11/20/06,albino,16
ILSXISS16/TejJ,f,16_28_13,DR,,23.0,,16.8,,2.93,,14.8,,631,07/20/2005,"CR start 11/18/05",04/12/07,albino,16
ILSXISS16/TejJ,f,16_28_15,DR,,16.1,,11.9,,2.32,,16.3,,658,07/20/2005,"CR start 11/18/05",05/09/07,albino,16
ILSXISS16/TejJ,f,16_28_14,DR,,22.0,,13.4,,3.00,,18.3,,549,07/20/2005,"CR start 11/18/05",01/20/07,albino,16
ILSXISS16/TejJ,f,16_28_17,DR,,18.8,,13.2,,4.78,,26.7,,854,07/23/2005,"CR start 11/18/05",11/24/07,albino,16
ILSXISS16/TejJ,m,16_28_1,AL,19.4,,15.8,,2.08,,11.6,,607,,06/01/2005,"AL FC",01/29/07,albino,16
ILSXISS16/TejJ,m,16_28_2,AL,24.3,,18.4,,5.06,,21.6,,840,,06/01/2005,"AL FC",09/19/07,albino,16
ILSXISS16/TejJ,m,16_28_3,AL,29.4,,21.6,,6.73,,23.7,,755,,06/01/2005,"AL FC",06/26/07,albino,16
ILSXISS16/TejJ,m,16_28_9,AL,24.1,,16.5,,5.88,,26.3,,761,,07/20/2005,"AL FC",08/20/07,albino,16
ILSXISS16/TejJ,m,16_28_4,AL,29.4,,20.3,,8.11,,28.5,,817,,06/01/2005,"AL FC",08/27/07,albino,16
ILSXISS16/TejJ,m,16_28_5,AL,,,,,,,,,58,,05/29/2005,"AL FC",07/26/05,albino,16
ILSXISS16/TejJ,m,16_28_20,DR,,16.7,,12.8,,1.39,,9.77,,426,09/15/2005,"CR start 1/4/06",11/15/06,albino,16
ILSXISS16/TejJ,m,16_28_23,DR,,16.5,,12.9,,2.72,,17.4,,701,10/17/2005,"CR start 1/4/06",09/18/07,albino,16
ILSXISS16/TejJ,m,16_28_21,DR,,,,,,,,,,391,09/15/2005,"CR start 1/4/06",10/11/06,albino,16
ILSXISS16/TejJ,m,16_28_24,DR,,,,,,,,,,91,10/17/2005,"CR start 1/4/06",01/16/06,albino,16
ILSXISS19/TejJ,f,19_29_4,AL,22.9,,17.0,,3.98,,18.9,,938,,06/13/2005,"AL FC",01/07/08,albino,19
ILSXISS19/TejJ,f,19_29_1,AL,21.6,,16.3,,4.03,,19.8,,868,,06/13/2005,"AL FC",10/29/07,albino,19
ILSXISS19/TejJ,f,19_29_5,AL,16.8,,13.1,,3.31,,20.2,,956,,06/13/2005,"AL FC",01/25/08,albino,19
ILSXISS19/TejJ,f,19_29_3,AL,20.6,,14.6,,4.08,,21.9,,694,,06/13/2005,"AL FC",05/08/07,albino,19
ILSXISS19/TejJ,f,19_29_2,AL,21.7,,15.3,,5.20,,25.4,,1004,,06/13/2005,"AL FC",03/13/08,albino,19
ILSXISS19/TejJ,f,19_29_13,DR,,13.9,,10.5,,1.38,,11.6,,526,07/08/2005,"CR start 11/18/05",12/16/06,albino,19
ILSXISS19/TejJ,f,19_29_12,DR,,14.9,,11.5,,1.62,,12.3,,661,07/08/2005,"CR start 11/18/05",04/30/07,albino,19
ILSXISS19/TejJ,f,19_29_6,DR,,17.1,,12.5,,2.06,,14.1,,1005,06/13/2005,"CR start 11/18/05",03/14/08,albino,19
ILSXISS19/TejJ,f,19_29_15,DR,,17.2,,12.8,,2.23,,14.8,,1027,07/08/2005,"CR start 11/18/05",04/30/08,albino,19
ILSXISS19/TejJ,f,19_29_14,DR,,,,,,,,,,152,07/08/2005,"CR start 11/18/05",12/07/05,albino,19
ILSXISS19/TejJ,m,19_29_8,AL,23.4,,18.4,,4.42,,19.3,,904,,06/13/2005,"AL FC",12/04/07,albino,19
ILSXISS19/TejJ,m,19_29_7,AL,25.2,,19.4,,5.27,,21.3,,981,,06/13/2005,"AL FC",02/19/08,albino,19
ILSXISS19/TejJ,m,19_26_10,AL,27.8,,20.1,,6.52,,24.5,,1046,,07/08/2005,"AL FC",05/19/08,albino,19
ILSXISS19/TejJ,m,19_29_11,AL,28.9,,20.0,,6.62,,24.9,,744,,07/08/2005,"AL FC",07/22/07,albino,19
ILSXISS19/TejJ,m,19_29_9,AL,26.8,,18.9,,6.62,,26.0,,1006,,07/08/2005,"AL FC",04/09/08,albino,19
ILSXISS19/TejJ,m,19_29_18,DR,,16.4,,11.9,,1.46,,10.9,,610,08/15/2005,"CR start 1/4/06",04/17/07,albino,19
ILSXISS19/TejJ,m,19_29_24,DR,,14.1,,12.9,,2.00,,13.4,,471,08/24/2005,"CR start 1/4/06",12/08/06,albino,19
ILSXISS19/TejJ,m,19_29_19,DR,,,,,,,,,,373,08/15/2005,"CR start 1/4/06",08/23/06,albino,19
ILSXISS19/TejJ,m,19_29_20,DR,,,,,,,,,,395,08/15/2005,"CR start 1/4/06",09/14/06,albino,19
ILSXISS22/TejJ,m,22_31_5,AL,22.7,,15.8,,4.54,,22.3,,1067,,06/01/2005,"AL FC",05/03/08,albino,22
ILSXISS22/TejJ,m,22_31_1,AL,29.0,,21.3,,6.21,,22.6,,1168,,06/01/2005,"AL FC",08/12/08,albino,22
ILSXISS22/TejJ,m,22_31_3,AL,26.1,,18.8,,6.43,,25.5,,1097,,06/01/2005,"AL FC",06/02/08,albino,22
ILSXISS22/TejJ,m,22_31_2,AL,29.0,,21.0,,7.34,,25.9,,1219,,06/01/2005,"AL FC",10/02/08,albino,22
ILSXISS22/TejJ,m,22_31_4,AL,31.5,,21.1,,8.01,,27.5,,1210,,06/01/2005,"AL FC",09/23/08,albino,22
ILSXISS22/TejJ,m,22_31_12,DR,,24.0,,17.5,,4.60,,20.8,,1020,09/11/2005,"CR start 1/4/06",06/27/08,albino,22
ILSXISS22/TejJ,m,22_31_13,DR,,24.6,,18.1,,4.78,,20.9,,1054,09/11/2005,"CR start 1/4/06",07/31/08,albino,22
ILSXISS22/TejJ,m,22_31_11,DR,,23.4,,17.1,,5.47,,24.3,,1054,08/01/2005,"CR start 1/4/06",06/20/08,albino,22
ILSXISS22/TejJ,m,22_31_10,DR,,23.8,,16.8,,5.92,,26.1,,884,08/01/2005,"CR start 1/4/06",01/02/08,albino,22
ILSXISS23/TejJ,f,23_28_4,AL,27.6,,23.8,,3.76,,13.7,,607,,06/01/2005,"AL FC",01/29/07,albino,23
ILSXISS23/TejJ,f,23_28_18,AL,22.6,,17.0,,4.61,,21.3,,947,,07/10/2005,"AL FC",02/12/08,albino,23
ILSXISS23/TejJ,f,23_28_5,AL,22.5,,17.1,,4.99,,22.5,,1042,,06/01/2005,"AL FC",04/08/08,albino,23
ILSXISS23/TejJ,f,23_28_30,AL,20.9,,14.9,,4.46,,23.0,,1016,,07/17/2005,"AL FC",04/28/08,albino,23
ILSXISS23/TejJ,f,23_28_31,AL,23.4,,17.2,,5.59,,24.5,,1109,,07/17/2005,"AL FC",07/30/08,albino,23
ILSXISS23/TejJ,f,23_28_19,AL,21.2,,15.1,,5.32,,26.1,,1098,,07/10/2005,"AL FC",07/12/08,albino,23
ILSXISS23/TejJ,f,23_28_29,AL,21.9,,15.0,,6.10,,28.9,,1122,,07/17/2005,"AL FC",08/12/08,albino,23
ILSXISS23/TejJ,f,23_28_21,AL,24.3,,16.8,,6.89,,29.1,,1152,,07/16/2005,"AL FC",09/10/08,albino,23
ILSXISS23/TejJ,f,23_28_32,AL,22.6,,15.1,,6.74,,30.9,,1146,,07/17/2005,"AL FC",09/05/08,albino,23
ILSXISS23/TejJ,f,23_28_13,AL,26.1,,17.6,,8.02,,31.3,,930,,06/02/2005,"AL FC",12/19/07,albino,23
ILSXISS23/TejJ,f,23_28_20,AL,21.8,,14.3,,6.56,,31.5,,903,,07/16/2005,"AL FC",01/05/08,albino,23
ILSXISS23/TejJ,f,23_28_8,AL,23.4,,15.1,,6.97,,31.6,,976,,06/02/2005,"AL FC",02/03/08,albino,23
ILSXISS23/TejJ,f,23_28_9,AL,24.3,,16.2,,7.69,,32.2,,909,,06/02/2005,"AL FC",11/28/07,albino,23
ILSXISS23/TejJ,f,23_28_28,AL,22.2,,14.2,,7.05,,33.2,,991,,07/17/2005,"AL FC",04/03/08,albino,23
ILSXISS23/TejJ,f,23_28_10,AL,27.0,,16.8,,9.47,,36.0,,832,,06/02/2005,"AL FC",09/12/07,albino,23
ILSXISS23/TejJ,f,23_28_42,DR,,15.2,,10.7,,1.60,,13.0,,529,08/05/2005,"CR start 11/18/05",01/16/07,albino,23
ILSXISS23/TejJ,f,23_28_33,DR,,14.2,,11.0,,2.03,,15.6,,906,07/17/2005,"CR start 1/4/06",01/09/08,albino,23
ILSXISS23/TejJ,f,23_28_37,DR,,12.5,,10.8,,2.14,,16.6,,852,07/28/2005,"CR start 1/4/06",11/27/07,albino,23
ILSXISS23/TejJ,f,23_28_50,DR,,14.6,,10.7,,2.26,,17.4,,579,09/15/2005,"CR start 1/4/06",04/17/07,albino,23
ILSXISS23/TejJ,f,23_28_51,DR,,14.0,,10.4,,2.27,,17.9,,601,09/15/2005,"CR start 1/4/06",05/09/07,albino,23
ILSXISS23/TejJ,f,23_28_36,DR,,12.2,,10.0,,2.38,,19.2,,638,07/28/2005,"CR start 1/4/06",04/27/07,albino,23
ILSXISS23/TejJ,f,23_28_35,DR,,13.5,,10.9,,2.80,,20.4,,873,07/28/2005,"CR start 1/4/06",12/18/07,albino,23
ILSXISS23/TejJ,f,23_28_40,DR,,18.0,,12.0,,3.15,,20.8,,638,08/05/2005,"CR start 11/18/05",05/05/07,albino,23
ILSXISS23/TejJ,f,23_28_45,DR,,16.4,,12.3,,3.33,,21.2,,594,09/10/2005,"CR start 1/4/06",04/27/07,albino,23
ILSXISS23/TejJ,f,23_28_43,DR,,17.5,,11.5,,3.41,,22.9,,851,08/05/2005,"CR start 11/18/05",12/04/07,albino,23
ILSXISS23/TejJ,f,23_28_44,DR,,16.8,,11.7,,4.59,,28.2,,909,09/10/2005,"CR start 11/18/05",03/07/08,albino,23
ILSXISS23/TejJ,f,23_28_34,DR,,,,,,,,,,220,07/17/2005,"CR start 1/4/06",02/22/06,albino,23
ILSXISS23/TejJ,f,23_28_41,DR,,,,,,,,,,162,08/05/2005,"CR start 11/18/05",01/14/06,albino,23
ILSXISS23/TejJ,f,23_28_52,DR,,,,,,,,,,221,09/15/2005,"CR start 1/4/06",04/24/06,albino,23
ILSXISS23/TejJ,m,23_28_17,AL,25.6,,19.9,,4.41,,18.2,,949,,07/16/2005,"AL FC",02/20/08,albino,23
ILSXISS23/TejJ,m,23_28_11,AL,26.9,,20.1,,5.20,,20.5,,1109,,06/02/2005,"AL FC",06/15/08,albino,23
ILSXISS23/TejJ,m,23_28_12,AL,20.5,,15.9,,4.38,,21.6,,1063,,06/02/2005,"AL FC",04/30/08,albino,23
ILSXISS23/TejJ,m,23_28_6,AL,29.7,,21.8,,6.60,,23.2,,1210,,06/02/2005,"AL FC",09/24/08,albino,23
ILSXISS23/TejJ,m,23_28_7,AL,30.0,,22.2,,6.79,,23.4,,1013,,06/02/2005,"AL FC",03/11/08,albino,23
ILSXISS23/TejJ,m,23_28_3,AL,26.1,,19.1,,6.36,,24.9,,1149,,06/01/2005,"AL FC",07/24/08,albino,23
ILSXISS23/TejJ,m,23_28_2,AL,30.1,,21.6,,7.37,,25.4,,1190,,06/01/2005,"AL FC",09/03/08,albino,23
ILSXISS23/TejJ,m,23_28_14,AL,32.5,,23.0,,8.51,,27.0,,1098,,07/10/2005,"AL FC",07/12/08,albino,23
ILSXISS23/TejJ,m,23_28_15,AL,35.6,,23.0,,11.5,,33.3,,645,,07/10/2005,"AL FC",04/16/07,albino,23
ILSXISS23/TejJ,m,23_28_1,AL,,,,,,,,,45,,06/01/2005,"AL FC",07/16/05,albino,23
ILSXISS23/TejJ,m,23_28_16,AL,,,,,,,,,390,,07/10/2005,"AL FC",08/04/06,albino,23
ILSXISS23/TejJ,m,23_28_26,DR,,19.0,,13.9,,2.98,,17.6,,894,07/17/2005,"CR start 1/4/06",12/28/07,albino,23
ILSXISS23/TejJ,m,23_28_25,DR,,21.0,,16.4,,3.68,,18.4,,1016,07/17/2005,"CR start 1/4/06",04/28/08,albino,23
ILSXISS23/TejJ,m,23_28_38,DR,,20.5,,14.4,,3.61,,20.0,,913,08/05/2005,"CR start 1/4/06",02/04/08,albino,23
ILSXISS23/TejJ,m,23_28_49,DR,,18.7,,13.6,,3.58,,20.8,,1016,09/15/2005,"CR start 1/4/06",06/27/08,albino,23
ILSXISS23/TejJ,m,23_28_48,DR,,19.3,,14.0,,3.93,,21.9,,979,09/15/2005,"CR start 1/4/06",05/21/08,albino,23
ILSXISS23/TejJ,m,23_28_27,DR,,21.0,,14.8,,4.19,,22.0,,1034,07/17/2005,"CR start 1/4/06",05/16/08,albino,23
ILSXISS23/TejJ,m,23_28_46,DR,,19.1,,14.5,,4.31,,23.0,,950,09/10/2005,"CR start 1/4/06",04/17/08,albino,23
ILSXISS23/TejJ,m,23_28_39,DR,,22.2,,14.4,,5.33,,27.0,,1035,08/05/2005,"CR start 1/4/06",06/05/08,albino,23
ILSXISS23/TejJ,m,23_28_47,DR,,,,,,,,,,255,09/15/2005,"CR start 1/4/06",05/28/06,albino,23
ILSXISS24/TejJ,f,24_27_7,AL,28.0,,15.2,,11.0,,42.0,,1023,,06/13/2005,"AL FC",04/01/08,albino,24
ILSXISS24/TejJ,f,24_27_6,AL,25.6,,15.4,,11.3,,42.2,,687,,06/13/2005,"AL FC",05/01/07,albino,24
ILSXISS24/TejJ,f,24_27_8,AL,23.6,,12.5,,9.56,,43.4,,1159,,06/13/2005,"AL FC",08/15/08,albino,24
ILSXISS24/TejJ,f,24_27_4,AL,31.5,,15.4,,14.5,,48.5,,1214,,06/01/2005,"AL FC",09/27/08,albino,24
ILSXISS24/TejJ,f,24_27_5,AL,34.1,,17.3,,16.3,,48.5,,648,,06/01/2005,"AL FC",03/11/07,albino,24
ILSXISS24/TejJ,f,24_27_17,DR,,15.2,,11.4,,2.46,,17.7,,619,08/24/2005,"CR start 11/18/05",05/05/07,albino,24
ILSXISS24/TejJ,f,24_27_20,DR,,14.5,,10.4,,2.50,,19.4,,561,09/01/2005,"CR start 11/18/05",03/16/07,albino,24
ILSXISS24/TejJ,f,24_27_11,DR,,15.6,,12.8,,3.64,,22.1,,645,07/09/2005,"CR start 11/18/05",04/15/07,albino,24
ILSXISS24/TejJ,f,24_27_12,DR,,,,,,,,,,494,07/09/2005,"CR start 11/18/05",11/15/06,albino,24
ILSXISS24/TejJ,f,24_27_14,DR,,,,,,,,,,126,07/25/2005,"CR start 11/18/05",11/28/05,albino,24
ILSXISS24/TejJ,m,24_27_3,AL,22.3,,17.4,,2.40,,12.1,,554,,06/01/2005,"AL FC",12/07/06,albino,24
ILSXISS24/TejJ,m,24_27_1,AL,29.4,,22.1,,6.26,,22.1,,940,,06/01/2005,"AL FC",12/28/07,albino,24
ILSXISS24/TejJ,m,24_27_10,AL,33.2,,20.8,,10.3,,33.1,,703,,07/09/2005,"AL FC",06/12/07,albino,24
ILSXISS24/TejJ,m,24_27_2,AL,35.1,,22.5,,11.4,,33.5,,829,,06/01/2005,"AL FC",09/08/07,albino,24
ILSXISS24/TejJ,m,24_27_9,AL,38.2,,22.9,,14.2,,38.2,,918,,07/09/2005,"AL FC",01/13/08,albino,24
ILSXISS24/TejJ,m,24_27_16,DR,,14.8,,11.6,,1.05,,8.27,,494,07/25/2005,"CR start 11/18/05",12/01/06,albino,24
ILSXISS24/TejJ,m,24_27_15,DR,,17.7,,14.5,,1.78,,10.9,,947,07/25/2005,"CR start 11/18/05",02/27/08,albino,24
ILSXISS24/TejJ,m,24_27_18,DR,,20.9,,14.2,,2.54,,15.2,,901,09/01/2005,"CR start 11/18/05",02/19/08,albino,24
ILSXISS24/TejJ,m,24_27_13,DR,,,,,,,,,,149,07/09/2005,"CR start 11/18/05",12/05/05,albino,24
ILSXISS24/TejJ,m,24_27_19,DR,,,,,,,,,,134,09/01/2005,"CR start 11/18/05",01/13/06,albino,24
ILSXISS25/TejJ,f,25_27_4,AL,26.0,,18.0,,6.64,,26.9,,972,,06/03/2005,"AL FC",01/31/08,"dilute brown",25
ILSXISS25/TejJ,f,25_27_10,AL,28.5,,20.0,,7.47,,27.2,,993,,08/11/2005,"AL FC",04/30/08,"dilute brown",25
ILSXISS25/TejJ,f,25_27_9,AL,28.2,,19.6,,7.78,,28.4,,1046,,08/11/2005,"AL FC",06/22/08,"dilute brown",25
ILSXISS25/TejJ,f,25_27_3,AL,31.7,,19.5,,8.68,,30.8,,949,,06/03/2005,"AL FC",01/08/08,"dilute brown",25
ILSXISS25/TejJ,f,25_27_7,AL,31.6,,20.4,,10.0,,32.9,,979,,07/17/2005,"AL FC",03/22/08,"dilute brown",25
ILSXISS25/TejJ,f,25_27_12,DR,,13.1,,11.9,,1.32,,10.0,,506,08/11/2005,"CR start 1/4/06",12/30/06,"dilute brown",25
ILSXISS25/TejJ,f,25_27_11,DR,,,,,,,,,,174,08/11/2005,"CR start 1/4/06",02/01/06,"dilute brown",25
ILSXISS25/TejJ,f,25_27_14,DR,,,,,,,,,,323,08/11/2005,"CR start 1/4/06",06/30/06,"dilute brown",25
ILSXISS25/TejJ,m,25_27_1,AL,32.2,,23.8,,6.22,,20.7,,899,,06/03/2005,"AL FC",11/19/07,"dilute brown",25
ILSXISS25/TejJ,m,25_27_8,AL,32.7,,23.6,,6.84,,22.5,,979,,08/11/2005,"AL FC",04/16/08,"dilute brown",25
ILSXISS25/TejJ,m,25_27_6,AL,32.2,,22.9,,7.02,,23.4,,1068,,07/17/2005,"AL FC",06/19/08,"dilute brown",25
ILSXISS25/TejJ,m,25_27_5,AL,36.9,,23.1,,7.29,,24.0,,556,,07/17/2005,"AL FC",01/24/07,"dilute brown",25
ILSXISS25/TejJ,m,25_27_2,AL,31.9,,23.2,,8.13,,25.9,,1019,,06/03/2005,"AL FC",03/18/08,"dilute brown",25
ILSXISS25/TejJ,m,25_27_22,DR,,19.5,,15.1,,3.37,,18.2,,901,09/24/2005,"CR start 11/18/05",03/13/08,"dilute brown",25
ILSXISS25/TejJ,m,25_27_15,DR,,23.6,,18.4,,4.36,,19.2,,1078,08/24/2005,"CR start 11/18/05",08/06/08,"dilute brown",25
ILSXISS25/TejJ,m,25_27_18,DR,,23.1,,17.3,,5.05,,22.6,,1039,09/24/2005,"CR start 11/18/05",07/29/08,"dilute brown",25
ILSXISS25/TejJ,m,25_27_17,DR,,27.2,,19.6,,5.80,,22.8,,1086,08/24/2005,"CR start 11/18/05",08/14/08,"dilute brown",25
ILSXISS25/TejJ,m,25_27_16,DR,,25.6,,18.1,,5.82,,24.3,,1070,08/24/2005,"CR start 11/18/05",07/29/08,"dilute brown",25
ILSXISS26/TejJ,f,26_27_12,AL,22.4,,16.4,,4.10,,20.0,,1049,,06/27/2005,"AL FC",05/11/08,albino,26
ILSXISS26/TejJ,f,26_27_8,AL,24.2,,19.4,,5.48,,22.0,,1071,,05/30/2005,"AL FC",05/05/08,albino,26
ILSXISS26/TejJ,f,26_27_10,AL,23.4,,17.6,,5.90,,25.1,,1029,,05/30/2005,"AL FC",03/24/08,albino,26
ILSXISS26/TejJ,f,26_27_11,AL,26.1,,18.6,,6.57,,26.1,,1058,,05/30/2005,"AL FC",04/22/08,albino,26
ILSXISS26/TejJ,f,26_27_9,AL,23.5,,15.9,,7.30,,31.4,,959,,05/30/2005,"AL FC",01/14/08,albino,26
ILSXISS26/TejJ,f,26_27_24,DR,,14.4,,11.3,,1.50,,11.8,,665,08/10/2005,"CR start 11/18/05",06/06/07,albino,26
ILSXISS26/TejJ,f,26_27_15,DR,,19.1,,15.1,,3.18,,17.4,,1122,06/27/2005,"CR start 11/18/05",07/23/08,albino,26
ILSXISS26/TejJ,f,26_27_19,DR,,19.0,,13.6,,3.16,,18.8,,1126,07/15/2005,"CR start 11/18/05",08/14/08,albino,26
ILSXISS26/TejJ,f,26_27_18,DR,,19.0,,13.9,,3.30,,19.2,,1020,07/15/2005,"CR start 11/18/05",04/30/08,albino,26
ILSXISS26/TejJ,f,26_27_17,DR,,19.3,,13.8,,3.61,,20.8,,732,07/15/2005,"CR start 11/18/05",07/17/07,albino,26
ILSXISS26/TejJ,m,26_27_1,AL,36.6,,25.9,,9.42,,26.7,,897,,05/30/2005,"AL FC",11/13/07,albino,26
ILSXISS26/TejJ,m,26_27_3,AL,33.7,,23.8,,8.82,,27.1,,1066,,05/30/2005,"AL FC",04/30/08,albino,26
ILSXISS26/TejJ,m,26_27_4,AL,34.1,,23.1,,9.60,,29.4,,1065,,05/30/2005,"AL FC",04/29/08,albino,26
ILSXISS26/TejJ,m,26_27_2,AL,37.5,,24.1,,11.4,,32.2,,1043,,05/30/2005,"AL FC",04/07/08,albino,26
ILSXISS26/TejJ,m,26_27_5,AL,40.5,,25.0,,13.9,,35.8,,1022,,05/30/2005,"AL FC",03/17/08,albino,26
ILSXISS26/TejJ,m,26_27_13,DR,,20.6,,15.6,,1.66,,9.62,,857,06/27/2005,"CR start 11/18/05",11/01/07,albino,26
ILSXISS26/TejJ,m,26_27_6,DR,,20.5,,16.4,,2.20,,11.8,,954,05/30/2005,"CR start 11/18/05",01/09/08,albino,26
ILSXISS26/TejJ,m,26_27_16,DR,,22.5,,17.1,,2.96,,14.8,,1012,07/15/2005,"CR start 11/18/05",04/22/08,albino,26
ILSXISS26/TejJ,m,26_27_7,DR,,21.2,,17.1,,2.98,,14.8,,871,05/30/2005,"CR start 11/18/05",10/18/07,albino,26
ILSXISS26/TejJ,m,26_27_14,DR,,19.2,,16.5,,3.03,,15.6,,854,06/27/2005,"CR start 11/18/05",10/29/07,albino,26
ILSXISS28/TejJ,f,28_29_4,AL,26.2,,19.0,,3.20,,14.4,,657,,06/01/2005,"AL FC",03/20/07,"dilute brown",28
ILSXISS28/TejJ,f,28_29_9,AL,20.0,,15.8,,2.70,,14.6,,824,,08/29/2005,"AL FC",12/01/07,"dilute brown",28
ILSXISS28/TejJ,f,28_29_6,AL,25.2,,20.2,,3.67,,15.4,,658,,06/07/2005,"AL FC",03/27/07,"dilute brown",28
ILSXISS28/TejJ,f,28_29_3,AL,25.0,,21.1,,4.14,,16.4,,764,,06/01/2005,"AL FC",07/05/07,"dilute brown",28
ILSXISS28/TejJ,f,28_29_8,AL,21.9,,17.4,,3.77,,17.8,,716,,07/17/2005,"AL FC",07/03/07,"dilute brown",28
ILSXISS28/TejJ,f,28_29_11,DR,,21.4,,15.2,,3.76,,19.8,,575,09/17/2005,"CR Start 1/4/06",04/15/07,"dilute brown",28
ILSXISS28/TejJ,f,28_29_10,DR,,21.0,,16.1,,4.79,,22.9,,845,09/17/2005,"CR Start 1/4/06",01/10/08,"dilute brown",28
ILSXISS28/TejJ,f,28_29_15,DR,,,,,,,,,,568,11/23/2005,"CR Start 1/4/06",06/14/07,"dilute brown",28
ILSXISS28/TejJ,f,28_29_16,DR,,,,,,,,,,888,11/23/2005,"CR Start 1/4/06",04/29/08,"dilute brown",28
ILSXISS41/TejJ,f,41_29_16,AL,21.4,,15.8,,3.34,,17.4,,994,,07/14/2005,"AL FC",04/03/08,"dilute brown",41
ILSXISS41/TejJ,f,41_29_17,AL,26.1,,19.0,,6.72,,26.1,,1002,,07/14/2005,"AL FC",04/11/08,"dilute brown",41
ILSXISS41/TejJ,f,41_29_11,AL,25.9,,19.3,,6.97,,26.5,,771,,06/21/2005,"AL FC",08/01/07,"dilute brown",41
ILSXISS41/TejJ,f,41_29_15,AL,24.8,,17.2,,6.82,,28.4,,843,,07/14/2005,"AL FC",11/04/07,"dilute brown",41
ILSXISS41/TejJ,f,41_29_10,AL,28.6,,19.5,,8.40,,30.1,,986,,06/21/2005,"AL FC",03/03/08,"dilute brown",41
ILSXISS41/TejJ,f,41_29_23,DR,,15.8,,13.0,,2.48,,16.0,,872,08/07/2005,"CR start 11/18/05",12/27/07,"dilute brown",41
ILSXISS41/TejJ,f,41_29_22,DR,,13.7,,11.0,,2.52,,18.6,,664,08/07/2005,"CR start 11/18/05",06/02/07,"dilute brown",41
ILSXISS41/TejJ,f,41_29_21,DR,,16.2,,13.0,,3.08,,19.1,,894,08/07/2005,"CR start 11/18/05",01/18/08,"dilute brown",41
ILSXISS41/TejJ,f,41_29_20,DR,,,,,,,,,,355,08/07/2005,"CR start 11/18/05",07/28/06,"dilute brown",41
ILSXISS41/TejJ,f,41_29_24,DR,,,,,,,,,,229,08/07/2005,"CR start 11/18/05",03/24/06,"dilute brown",41
ILSXISS41/TejJ,m,41_29_9,AL,25.7,,20.1,,4.34,,17.7,,749,,06/03/2005,"AL FC",06/22/07,"dilute brown",41
ILSXISS41/TejJ,m,41_29_8,AL,28.2,,21.8,,5.43,,19.9,,787,,05/29/2005,"AL FC",07/25/07,"dilute brown",41
ILSXISS41/TejJ,m,41_29_7,AL,29.9,,22.5,,6.17,,21.5,,788,,05/29/2005,"AL FC",07/26/07,"dilute brown",41
ILSXISS41/TejJ,m,41_29_5,AL,31.3,,23.2,,6.59,,22.1,,787,,05/29/2005,"AL FC",07/25/07,"dilute brown",41
ILSXISS41/TejJ,m,41_29_6,AL,28.9,,21.2,,6.22,,22.7,,849,,05/29/2005,"AL FC",09/25/07,"dilute brown",41
ILSXISS41/TejJ,m,41_29_14,DR,,20.7,,15.5,,1.68,,9.80,,504,07/14/2005,"CR start 11/18/05",11/30/06,"dilute brown",41
ILSXISS41/TejJ,m,41_29_12,DR,,24.6,,18.2,,2.89,,13.7,,708,06/21/2005,"CR start 11/18/05",05/30/07,"dilute brown",41
ILSXISS41/TejJ,m,41_29_19,DR,,19.4,,15.8,,2.62,,14.2,,643,07/20/2005,"CR start 11/18/05",04/24/07,"dilute brown",41
ILSXISS41/TejJ,m,41_29_18,DR,,21.4,,15.6,,3.27,,17.3,,654,07/20/2005,"CR start 11/18/05",05/05/07,"dilute brown",41
ILSXISS41/TejJ,m,41_29_13,DR,,22.4,,17.4,,4.20,,19.5,,707,07/14/2005,"CR start 11/18/05",06/21/07,"dilute brown",41
ILSXISS46/TejJ,f,46_26_8,AL,22.6,,16.9,,3.92,,18.9,,1149,,06/25/2005,"AL FC",08/17/08,"dilute brown",46
ILSXISS46/TejJ,f,46_26_5,AL,24.1,,17.0,,5.94,,25.9,,1147,,06/02/2005,"AL FC",07/23/08,"dilute brown",46
ILSXISS46/TejJ,f,46_26_4,AL,25.4,,18.2,,7.06,,27.9,,924,,06/02/2005,"AL FC",12/13/07,"dilute brown",46
ILSXISS46/TejJ,f,46_26_6,AL,28.1,,17.6,,8.01,,31.3,,1028,,06/02/2005,"AL FC",03/26/08,"dilute brown",46
ILSXISS46/TejJ,f,46_26_7,AL,31.2,,19.0,,9.10,,32.4,,1160,,06/02/2005,"AL FC",08/05/08,"dilute brown",46
ILSXISS46/TejJ,f,46_26_12,DR,,17.8,,12.6,,3.15,,20.0,,1235,06/25/2005,"CR start 11/18/05",11/11/08,"dilute brown",46
ILSXISS46/TejJ,f,46_26_13,DR,,19.5,,14.0,,3.67,,20.8,,1238,06/25/2005,"CR start 11/18/05",11/14/08,"dilute brown",46
ILSXISS46/TejJ,f,46_26_14,DR,,18.3,,12.3,,4.62,,27.3,,1244,06/25/2005,"CR start 11/18/05",11/20/08,"dilute brown",46
ILSXISS46/TejJ,f,46_26_15,DR,,20.9,,13.2,,6.27,,32.3,,1196,06/25/2005,"CR start 11/18/05",10/03/08,"dilute brown",46
ILSXISS46/TejJ,f,46_26_11,DR,,21.6,,13.7,,6.61,,32.5,,1215,06/25/2005,"CR start 11/18/05",10/22/08,"dilute brown",46
ILSXISS48/TejJ,f,48_30_14,AL,23.8,,19.1,,3.56,,15.7,,598,,06/27/2005,"AL FC",02/15/07,albino,48
ILSXISS48/TejJ,f,48_30_7,AL,27.4,,19.8,,4.60,,18.9,,1136,,06/02/2005,"AL FC",07/12/08,albino,48
ILSXISS48/TejJ,f,48_30_15,AL,29.4,,22.3,,5.50,,19.8,,646,,06/27/2005,"AL FC",04/04/07,albino,48
ILSXISS48/TejJ,f,48_30_13,AL,27.7,,21.7,,5.37,,19.9,,898,,06/27/2005,"AL FC",12/12/07,albino,48
ILSXISS48/TejJ,f,48_30_8,AL,25.8,,18.6,,4.79,,20.5,,980,,06/02/2005,"AL FC",02/07/08,albino,48
ILSXISS48/TejJ,f,48_30_23,DR,,17.4,,14.4,,2.31,,13.8,,787,09/03/2005,"CR start 1/27/06",10/30/07,albino,48
ILSXISS48/TejJ,f,48_30_16,DR,,19.3,,15.6,,3.04,,16.3,,1075,08/10/2005,"CR start 1/27/06",07/20/08,albino,48
ILSXISS48/TejJ,f,48_30_24,DR,,20.8,,15.1,,3.26,,17.8,,1076,09/03/2005,"CR start 1/27/06",08/14/08,albino,48
ILSXISS48/TejJ,f,48_30_17,DR,,20.3,,15.7,,3.54,,18.4,,939,08/10/2005,"CR start 1/27/06",03/06/08,albino,48
ILSXISS48/TejJ,f,48_30_28,DR,,,,,,,,,,723,12/21/2005,"CR start 1/27/06",12/14/07,albino,48
ILSXISS48/TejJ,m,48_30_1,AL,29.2,,23.0,,3.17,,12.1,,580,,06/02/2005,"AL FC",01/03/07,albino,48
ILSXISS48/TejJ,m,48_30_3,AL,32.0,,24.0,,6.26,,20.7,,733,,06/02/2005,"AL FC",06/05/07,albino,48
ILSXISS48/TejJ,m,48_30_5,AL,33.6,,24.7,,7.01,,22.1,,941,,06/02/2005,"AL FC",12/30/07,albino,48
ILSXISS48/TejJ,m,48_30_4,AL,30.3,,22.6,,6.54,,22.4,,961,,06/02/2005,"AL FC",01/19/08,albino,48
ILSXISS48/TejJ,m,48_30_2,AL,36.1,,25.2,,8.17,,24.4,,751,,06/02/2005,"AL FC",06/23/07,albino,48
ILSXISS48/TejJ,m,48_30_12,DR,,24.5,,19.7,,3.13,,13.7,,916,06/27/2005,"CR start 11/18/05",12/30/07,albino,48
ILSXISS48/TejJ,m,48_30_11,DR,,22.3,,18.6,,3.19,,14.6,,882,06/27/2005,"CR start 11/18/05",11/26/07,albino,48
ILSXISS48/TejJ,m,48_30_10,DR,,24.3,,19.3,,3.33,,14.7,,969,06/27/2005,"CR start 11/18/05",02/21/08,albino,48
ILSXISS48/TejJ,m,48_30_6,DR,,22.0,,16.6,,3.15,,16.0,,705,06/02/2005,"CR start 11/18/05",05/08/07,albino,48
ILSXISS48/TejJ,m,48_30_9,DR,,26.0,,20.6,,4.12,,16.7,,995,06/27/2005,"CR start 11/18/05",03/18/08,albino,48
ILSXISS49/TejJ,f,49_27_3,AL,25.0,,21.8,,3.62,,14.3,,629,,06/01/2005,"AL FC",02/20/07,albino,49
ILSXISS49/TejJ,f,49_27_8,AL,19.9,,16.2,,2.71,,14.3,,771,,06/13/2005,"AL FC",07/24/07,albino,49
ILSXISS49/TejJ,f,49_27_10,AL,22.8,,18.2,,3.97,,17.9,,712,,06/24/2005,"AL FC",06/06/07,albino,49
ILSXISS49/TejJ,f,49_27_7,AL,24.1,,17.9,,5.15,,22.4,,646,,06/13/2005,"AL FC",03/21/07,albino,49
ILSXISS49/TejJ,f,49_27_4,AL,23.0,,17.9,,5.55,,23.6,,791,,06/01/2005,"AL FC",08/01/07,albino,49
ILSXISS49/TejJ,f,49_27_20,DR,,14.6,,11.6,,1.67,,12.6,,1057,08/10/2005,"CR start 11/18/05",07/02/08,albino,49
ILSXISS49/TejJ,f,49_27_12,DR,,19.7,,15.9,,2.82,,15.1,,573,06/24/2005,"CR start 11/18/05",01/18/07,albino,49
ILSXISS49/TejJ,f,49_27_16,DR,,19.9,,14.9,,3.06,,17.0,,1054,07/15/2005,"CR start 11/18/05",06/03/08,albino,49
ILSXISS49/TejJ,f,49_27_15,DR,,20.2,,14.7,,3.97,,21.3,,1072,07/15/2005,"CR start 11/18/05",06/21/08,albino,49
ILSXISS49/TejJ,f,49_27_17,DR,,21.0,,15.6,,4.37,,21.9,,1194,07/15/2005,"CR start 11/18/05",10/21/08,albino,49
ILSXISS49/TejJ,m,49_27_1,AL,25.3,,21.1,,2.96,,12.3,,580,,06/01/2005,"AL FC",01/02/07,albino,49
ILSXISS49/TejJ,m,49_27_5,AL,30.6,,24.2,,5.17,,17.6,,909,,06/13/2005,"AL FC",12/09/07,albino,49
ILSXISS49/TejJ,m,49_27_9,AL,28.1,,22.6,,7.52,,25.0,,875,,06/24/2005,"AL FC",11/16/07,albino,49
ILSXISS49/TejJ,m,49_27_2,AL,32.2,,23.3,,7.82,,25.1,,1026,,06/01/2005,"AL FC",03/23/08,albino,49
ILSXISS49/TejJ,m,49_27_19,DR,,16.4,,13.8,,1.73,,11.1,,1015,08/10/2005,"CR start 11/18/05",05/21/08,albino,49
ILSXISS49/TejJ,m,49_27_11,DR,,19.1,,15.1,,2.04,,11.9,,753,06/24/2005,"CR start 11/18/05",07/17/07,albino,49
ILSXISS49/TejJ,m,49_27_14,DR,,23.5,,17.1,,2.95,,14.7,,900,07/15/2005,"CR start 11/18/05",01/01/08,albino,49
ILSXISS49/TejJ,m,49_27_13,DR,,22.3,,17.4,,3.34,,16.1,,992,07/15/2005,"CR start 11/18/05",04/02/08,albino,49
ILSXISS49/TejJ,m,49_27_18,DR,,,,,,,,,,340,08/10/2005,"CR start 11/18/05",07/16/06,albino,49
ILSXISS50/TejJ,f,50_29_5,AL,24.6,,19.9,,3.26,,14.1,,778,,06/24/2005,"AL FC",08/11/07,"dilute brown",50
ILSXISS50/TejJ,f,50_29_1,AL,,,,,,,,,445,,06/24/2005,"AL FC",09/12/06,"dilute brown",50
ILSXISS50/TejJ,f,50_29_10,AL,,,,,,,,,241,,07/15/2005,"AL FC",03/13/06,"dilute brown",50
ILSXISS50/TejJ,f,50_29_6,AL,,,,,,,,,291,,06/24/2005,"AL FC",04/11/06,"dilute brown",50
ILSXISS50/TejJ,f,50_29_7,AL,,,,,,,,,284,,06/24/2005,"AL FC",04/04/06,"dilute brown",50
ILSXISS50/TejJ,f,50_29_18,DR,,20.2,,15.6,,3.78,,19.5,,944,08/07/2005,"CR start 11/18/05",03/08/08,"dilute brown",50
ILSXISS50/TejJ,f,50_29_12,DR,,22.2,,16.3,,4.48,,21.6,,922,07/15/2005,"CR start 11/18/05",01/23/08,"dilute brown",50
ILSXISS50/TejJ,f,50_29_19,DR,,19.2,,14.0,,4.43,,24.1,,922,08/07/2005,"CR start 11/18/05",02/15/08,"dilute brown",50
ILSXISS50/TejJ,f,50_29_20,DR,,18.7,,13.4,,4.56,,25.3,,862,08/07/2005,"CR start 11/18/05",12/17/07,"dilute brown",50
ILSXISS50/TejJ,f,50_29_17,DR,,,,,,,,,,402,08/07/2005,"CR start 11/18/05",09/13/06,"dilute brown",50
ILSXISS50/TejJ,m,50_29_9,AL,27.5,,22.9,,3.71,,14.0,,673,,07/15/2005,"AL FC",05/19/07,"dilute brown",50
ILSXISS50/TejJ,m,50_29_8,AL,25.6,,21.4,,3.59,,14.4,,667,,07/15/2005,"AL FC",05/13/07,"dilute brown",50
ILSXISS50/TejJ,m,50_29_2,AL,,,,,,,,,340,,06/24/2005,"AL FC",05/30/06,"dilute brown",50
ILSXISS50/TejJ,m,50_29_3,AL,,,,,,,,,382,,06/24/2005,"AL FC",07/11/06,"dilute brown",50
ILSXISS50/TejJ,m,50_29_4,AL,,,,,,,,,459,,06/24/2005,"AL FC",09/26/06,"dilute brown",50
ILSXISS50/TejJ,m,50_29_14,DR,,18.4,,16.7,,2.01,,10.8,,584,08/07/2005,"CR start 11/18/05",03/14/07,"dilute brown",50
ILSXISS50/TejJ,m,50_29_11,DR,,,,,,,,,,429,07/15/2005,"CR start 11/18/05",09/17/06,"dilute brown",50
ILSXISS50/TejJ,m,50_29_13,DR,,,,,,,,,,332,08/07/2005,"CR start 11/18/05",07/05/06,"dilute brown",50
ILSXISS50/TejJ,m,50_29_15,DR,,,,,,,,,,388,08/07/2005,"CR start 11/18/05",08/30/06,"dilute brown",50
ILSXISS50/TejJ,m,50_29_16,DR,,,,,,,,,,459,08/07/2005,"CR start 11/18/05",11/09/06,"dilute brown",50
ILSXISS51/TejJ,f,51_29_2,AL,28.9,,22.2,,5.77,,20.6,,820,,05/29/2005,"AL FC",08/27/07,albino,51
ILSXISS51/TejJ,f,51_29_5,AL,28.2,,21.3,,5.80,,21.4,,611,,05/29/2005,"AL FC",01/30/07,albino,51
ILSXISS51/TejJ,f,51_29_1,AL,29.0,,20.3,,6.01,,22.9,,1028,,05/29/2005,"AL FC",03/22/08,albino,51
ILSXISS51/TejJ,f,51_29_4,AL,27.9,,19.8,,6.38,,24.4,,918,,05/29/2005,"AL FC",12/03/07,albino,51
ILSXISS51/TejJ,f,51_29_3,AL,31.3,,21.3,,8.88,,29.4,,785,,05/29/2005,"AL FC",07/23/07,albino,51
ILSXISS51/TejJ,f,51_29_7,DR,,22.6,,16.8,,4.14,,19.8,,881,06/02/2005,"CR start 11/18/05",10/31/07,albino,51
ILSXISS51/TejJ,f,51_29_6,DR,,24.3,,17.1,,5.75,,25.1,,1196,06/02/2005,"CR start 11/18/05",09/10/08,albino,51
ILSXISS51/TejJ,f,51_29_15,DR,,24.0,,15.9,,6.41,,28.7,,1207,06/30/2005,"CR start 11/18/05",10/19/08,albino,51
ILSXISS51/TejJ,f,51_29_8,DR,,20.6,,14.0,,5.66,,28.8,,1222,05/29/2005,"CR start 11/18/05",10/02/08,albino,51
ILSXISS51/TejJ,f,51_29_9,DR,,24.6,,16.5,,6.87,,29.4,,954,05/29/2005,"CR start 11/18/05",01/08/08,albino,51
ILSXISS51/TejJ,m,51_29_12,AL,30.0,,23.1,,6.30,,21.4,,1107,,06/02/2005,"AL FC",06/13/08,albino,51
ILSXISS51/TejJ,m,51_29_10,AL,32.6,,23.2,,8.50,,26.8,,1018,,05/29/2005,"AL FC",03/12/08,albino,51
ILSXISS51/TejJ,m,51_29_13,AL,28.1,,19.4,,7.12,,26.9,,705,,06/02/2005,"AL FC",05/08/07,albino,51
ILSXISS51/TejJ,m,51_29_14,AL,35.3,,22.5,,11.4,,33.7,,1044,,06/02/2005,"AL FC",04/11/08,albino,51
ILSXISS51/TejJ,m,51_29_11,AL,33.8,,21.6,,11.0,,33.7,,925,,06/02/2005,"AL FC",12/14/07,albino,51
ILSXISS51/TejJ,m,51_29_27,DR,,26.4,,20.0,,5.61,,21.9,,596,09/05/2005,"CR start 11/18/05",04/24/07,albino,51
ILSXISS51/TejJ,m,51_29_25,DR,,28.0,,20.5,,5.79,,22.0,,1102,07/30/2005,"CR start 11/18/05",08/05/08,albino,51
ILSXISS51/TejJ,m,51_29_16,DR,,32.2,,21.7,,7.01,,24.4,,1150,06/30/2005,"CR start 11/18/05",08/23/08,albino,51
ILSXISS51/TejJ,m,51_29_26,DR,,31.3,,21.8,,7.67,,26.0,,1121,07/30/2005,"CR start 11/18/05",08/24/08,albino,51
ILSXISS51/TejJ,m,51_29_17,DR,,27.7,,19.0,,6.74,,26.2,,879,06/30/2005,"CR start 11/18/05",11/26/07,albino,51
ILSXISS52/TejJ,m,52_27_7,AL,23.0,,19.5,,3.25,,14.3,,520,,08/02/2005,"AL FC",01/04/07,albino,52
ILSXISS52/TejJ,m,52_27_2,AL,25.3,,18.7,,4.41,,19.1,,713,,06/21/2005,"AL FC",06/04/07,albino,52
ILSXISS52/TejJ,m,52_27_1,AL,26.7,,21.0,,5.15,,19.7,,815,,06/21/2005,"AL FC",09/14/07,albino,52
ILSXISS52/TejJ,m,52_27_9,AL,29.9,,22.0,,6.68,,23.3,,776,,08/02/2005,"AL FC",09/17/07,albino,52
ILSXISS52/TejJ,m,52_27_8,AL,,,,,,,,,345,,08/02/2005,"AL FC",07/13/06,albino,52
ILSXISS52/TejJ,m,52_27_12,DR,,17.8,,14.7,,2.79,,16.0,,627,09/16/2005,"CR Start 1/4/06",06/05/07,albino,52
ILSXISS52/TejJ,m,52_27_15,DR,,17.8,,12.1,,2.36,,16.3,,609,09/16/2005,"CR Start 1/4/06",05/18/07,albino,52
ILSXISS52/TejJ,m,52_27_11,DR,,19.6,,15.6,,3.69,,19.2,,666,08/02/2005,"CR Start 1/4/06",05/30/07,albino,52
ILSXISS52/TejJ,m,52_27_10,DR,,20.7,,15.2,,4.07,,21.2,,645,08/02/2005,"CR Start 1/4/06",05/09/07,albino,52
ILSXISS56/TejJ,f,56_26_3,AL,18.3,,15.3,,2.39,,13.5,,575,,05/31/2005,"AL FC",12/27/06,albino,56
ILSXISS56/TejJ,f,56_26_2,AL,24.1,,18.0,,5.50,,23.4,,1227,,05/31/2005,"AL FC",10/09/08,albino,56
ILSXISS56/TejJ,f,56_26_1,AL,26.1,,16.1,,7.76,,32.5,,1014,,05/31/2005,"AL FC",03/10/08,albino,56
ILSXISS56/TejJ,f,56_26_4,AL,27.2,,16.6,,10.4,,38.5,,1145,,06/08/2005,"AL FC",07/27/08,albino,56
ILSXISS56/TejJ,f,56_26_7,AL,26.5,,15.2,,10.3,,40.5,,1254,,07/19/2005,"AL FC",12/24/08,albino,56
ILSXISS56/TejJ,f,56_26_14,DR,,17.3,,13.6,,3.23,,19.2,,1131,07/19/2005,"CR start 11/18/05",08/23/08,albino,56
ILSXISS56/TejJ,f,56_26_13,DR,,16.4,,12.5,,3.51,,21.9,,1111,07/19/2005,"CR start 11/18/05",08/03/08,albino,56
ILSXISS56/TejJ,f,56_26_18,DR,,17.7,,13.4,,3.79,,22.0,,958,09/03/2005,"CR start 11/18/05",04/18/08,albino,56
ILSXISS56/TejJ,f,56_26_11,DR,,18.5,,14.0,,4.04,,22.4,,884,07/19/2005,"CR start 11/18/05",12/20/07,albino,56
ILSXISS56/TejJ,f,56_26_12,DR,,17.5,,12.1,,3.82,,24.1,,1047,07/19/2005,"CR start 11/18/05",05/31/08,albino,56
ILSXISS56/TejJ,m,56_26_6,AL,21.7,,16.8,,3.29,,16.4,,1302,,06/28/2005,"AL FC",01/20/09,albino,56
ILSXISS56/TejJ,m,56_26_9,AL,34.6,,20.9,,11.6,,35.7,,1279,,07/19/2005,"AL FC",01/18/09,albino,56
ILSXISS56/TejJ,m,56_26_5,AL,36.1,,21.4,,14.0,,39.7,,974,,06/08/2005,"AL FC",02/07/08,albino,56
ILSXISS56/TejJ,m,56_26_10,AL,37.4,,20.9,,13.9,,40.0,,1277,,07/19/2005,"AL FC",01/16/09,albino,56
ILSXISS56/TejJ,m,56_26_8,AL,36.7,,20.0,,15.0,,42.8,,685,,07/19/2005,"AL FC",06/04/07,albino,56
ILSXISS56/TejJ,m,56_26_19,DR,,21.3,,16.5,,3.30,,16.6,,1194,09/03/2005,"CR start 11/18/05",12/10/08,albino,56
ILSXISS56/TejJ,m,56_26_17,DR,,21.2,,16.1,,3.29,,17.0,,1218,09/03/2005,"CR start 11/18/05",01/03/09,albino,56
ILSXISS56/TejJ,m,56_26_16,DR,,21.7,,16.4,,4.11,,20.0,,1131,07/19/2005,"CR start 11/18/05",08/23/08,albino,56
ILSXISS56/TejJ,m,56_26_15,DR,,17.3,,14.4,,3.73,,20.5,,1295,07/19/2005,"CR start 11/18/05",02/03/09,albino,56
ILSXISS56/TejJ,m,56_26_20,DR,,,,,,,,,,1237,9/3/2005,"CR start 11/18/05",01/22/09,albino,56
ILSXISS60/TejJ,f,60_29_7,AL,20.5,,16.0,,3.18,,16.6,,1157,,06/30/2005,"AL FC",08/30/08,albino,60
ILSXISS60/TejJ,f,60_29_10,AL,,,,,,,,,1073,,09/28/2005,"AL FC",09/05/08,albino,60
ILSXISS60/TejJ,f,60_29_5,AL,,,,,,,,,541,,05/31/2005,"AL FC",11/23/06,albino,60
ILSXISS60/TejJ,f,60_29_8,AL,,,,,,,,,370,,07/06/2005,"AL FC",07/11/06,albino,60
ILSXISS60/TejJ,f,60_29_9,AL,,,,,,,,,1141,,09/28/2005,"AL FC",11/12/08,albino,60
ILSXISS60/TejJ,f,60_29_14,DR,,19.3,,11.9,,6.13,,34.0,,1165,10/08/2005,"CR Start 1/4/06",12/16/08,albino,60
ILSXISS60/TejJ,f,60_29_11,DR,,,,,,,,,,1189,09/28/2005,"CR Start 1/4/06",12/30/08,albino,60
ILSXISS60/TejJ,f,60_29_12,DR,,,,,,,,,,1204,09/28/2005,"CR Start 1/4/06",01/14/09,albino,60
ILSXISS60/TejJ,f,60_29_13,DR,,,,,,,,,,773,09/28/2005,"CR Start 1/4/06",11/10/07,albino,60
ILSXISS62/TejJ,m,62_29_2,AL,32.5,,19.4,,11.4,,37.0,,1055,,06/24/2005,"AL FC",05/14/08,albino,62
ILSXISS62/TejJ,m,62_29_1,AL,31.8,,18.7,,12.0,,39.1,,979,,06/01/2005,"AL FC",02/05/08,albino,62
ILSXISS62/TejJ,m,62_29_7,AL,36.5,,20.9,,13.5,,39.2,,1036,,07/19/2005,"AL FC",05/20/08,albino,62
ILSXISS62/TejJ,m,62_29_6,AL,38.7,,21.1,,15.6,,42.5,,1106,,07/19/2005,"AL FC",07/29/08,albino,62
ILSXISS62/TejJ,m,62_29_3,AL,35.5,,18.8,,14.1,,42.8,,1132,,06/24/2005,"AL FC",07/30/08,albino,62
ILSXISS62/TejJ,m,62_29_12,DR,,18.0,,14.1,,2.80,,16.6,,658,07/19/2005,"CR start 11/18/05",05/08/07,albino,62
ILSXISS62/TejJ,m,62_29_14,DR,,21.0,,16.1,,3.82,,19.2,,673,07/19/2005,"CR start 11/18/05",05/23/07,albino,62
ILSXISS62/TejJ,m,62_29_10,DR,,,,,,,,,,408,07/19/2005,"CR start 11/18/05",08/31/06,albino,62
ILSXISS62/TejJ,m,62_29_11,DR,,,,,,,,,,302,07/19/2005,"CR start 11/18/05",05/17/06,albino,62
ILSXISS62/TejJ,m,62_29_13,DR,,,,,,,,,,431,07/19/2005,"CR start 11/18/05",09/23/06,albino,62
ILSXISS66/TejJ,f,66_28_10,AL,24.1,,19.3,,2.55,,11.7,,624,,06/27/2005,"AL FC",03/13/07,albino,66
ILSXISS66/TejJ,f,66_28_6,AL,23.3,,17.5,,3.38,,16.2,,877,,06/01/2005,"AL FC",10/26/07,albino,66
ILSXISS66/TejJ,f,66_28_8,AL,23.0,,18.5,,3.80,,17.1,,743,,06/27/2005,"AL FC",07/10/07,albino,66
ILSXISS66/TejJ,f,66_28_5,AL,25.3,,18.8,,4.38,,18.9,,883,,06/01/2005,"AL FC",11/01/07,albino,66
ILSXISS66/TejJ,f,66_28_9,AL,,,,,,,,,344,,06/27/2005,"AL FC",06/06/06,albino,66
ILSXISS66/TejJ,f,66_28_15,DR,,19.6,,13.9,,2.76,,16.5,,866,06/27/2005,"CR start 11/18/05",11/10/07,albino,66
ILSXISS66/TejJ,f,66_28_12,DR,,21.9,,15.1,,3.50,,18.8,,794,06/27/2005,"CR start 11/18/05",08/30/07,albino,66
ILSXISS66/TejJ,f,66_28_14,DR,,22.4,,14.8,,3.61,,19.6,,839,06/27/2005,"CR start 11/18/05",10/14/07,albino,66
ILSXISS66/TejJ,f,66_28_11,DR,,24.4,,16.2,,4.00,,19.8,,967,06/27/2005,"CR start 11/18/05",02/19/08,albino,66
ILSXISS66/TejJ,f,66_28_13,DR,,22.8,,15.7,,4.60,,22.6,,786,06/27/2005,"CR start 11/18/05",08/22/07,albino,66
ILSXISS66/TejJ,m,66_28_1,AL,32.5,,23.8,,4.53,,16.0,,580,,06/01/2005,"AL FC",01/02/07,albino,66
ILSXISS66/TejJ,m,66_28_2,AL,32.0,,22.1,,4.40,,16.6,,685,,06/01/2005,"AL FC",04/17/07,albino,66
ILSXISS66/TejJ,m,66_28_4,AL,32.5,,22.8,,4.55,,16.6,,888,,06/01/2005,"AL FC",11/06/07,albino,66
ILSXISS66/TejJ,m,66_28_3,AL,28.7,,21.6,,4.58,,17.5,,852,,06/01/2005,"AL FC",10/01/07,albino,66
ILSXISS66/TejJ,m,66_28_7,AL,,,,,,,,,317,,06/27/2005,"AL FC",05/10/06,albino,66
ILSXISS66/TejJ,m,66_28_16,DR,,24.9,,18.0,,4.08,,18.5,,1176,06/27/2005,"CR start 11/18/05",09/15/08,albino,66
ILSXISS66/TejJ,m,66_28_20,DR,,28.8,,20.9,,5.13,,19.7,,785,07/30/2005,"CR start 11/18/05",09/23/07,albino,66
ILSXISS66/TejJ,m,66_28_22,DR,,25.6,,18.1,,5.38,,22.9,,692,09/11/2005,"CR start 11/18/05",08/04/07,albino,66
ILSXISS66/TejJ,m,66_28_21,DR,,27.3,,19.4,,5.79,,23.0,,1169,07/30/2005,"CR start 11/18/05",10/11/08,albino,66
ILSXISS66/TejJ,m,66_28_19,DR,,28.1,,19.7,,5.93,,23.1,,836,07/30/2005,"CR start 11/18/05",11/13/07,albino,66
ILSXISS79,m,79_26_3,AL,14.7,,11.5,,1.79,,13.5,,1216,,06/19/2005,"AL FC",10/17/08,"dilute brown",79
ILSXISS79,m,79_26_2,AL,21.6,,16.5,,3.55,,17.7,,1094,,06/19/2005,"AL FC",06/17/08,"dilute brown",79
ILSXISS79,m,79_26_1,AL,20.2,,15.8,,3.67,,18.9,,1069,,06/19/2005,"AL FC",05/23/08,"dilute brown",79
ILSXISS79,m,79_26_5,AL,26.5,,20.5,,4.87,,19.2,,1150,,06/19/2005,"AL FC",08/12/08,"dilute brown",79
ILSXISS79,m,79_26_4,AL,,,,,,,,,438,,06/19/2005,"AL FC",08/31/06,"dilute brown",79
ILSXISS79,m,79_26_15,DR,,18.7,,15.3,,2.18,,12.5,,1065,08/24/2005,"CR Start 1/4/06",07/24/08,"dilute brown",79
ILSXISS79,m,79_26_12,DR,,17.2,,14.5,,2.15,,12.9,,1066,08/07/2005,"CR Start 1/4/06",07/08/08,"dilute brown",79
ILSXISS79,m,79_26_14,DR,,19.0,,14.2,,3.32,,19.0,,991,08/24/2005,"CR Start 1/4/06",05/11/08,"dilute brown",79
ILSXISS80/TejJ,f,80_27_19,AL,28.9,,20.8,,7.18,,25.7,,1002,,06/02/2005,"AL FC",02/29/08,albino,80
ILSXISS80/TejJ,f,80_27_18,AL,28.8,,20.1,,7.81,,28.0,,887,,06/02/2005,"AL FC",11/06/07,albino,80
ILSXISS80/TejJ,f,80_27_22,AL,26.5,,18.5,,7.90,,29.9,,823,,06/30/2005,"AL FC",10/01/07,albino,80
ILSXISS80/TejJ,f,80_27_17,AL,30.4,,20.1,,8.73,,30.3,,887,,06/02/2005,"AL FC",11/06/07,albino,80
ILSXISS80/TejJ,f,80_27_21,AL,35.4,,20.6,,12.5,,37.8,,959,,06/30/2005,"AL FC",02/14/08,albino,80
ILSXISS80/TejJ,f,80_27_25,DR,,22.4,,16.0,,3.89,,19.6,,728,07/11/2005,"CR start 11/18/05",07/09/07,albino,80
ILSXISS80/TejJ,f,80_27_23,DR,,25.6,,14.7,,7.46,,33.6,,1051,06/30/2005,"CR start 11/18/05",05/16/08,albino,80
ILSXISS80/TejJ,f,80_27_33,DR,,27.2,,17.3,,9.04,,34.3,,925,08/28/2005,"CR start 11/18/05",03/10/08,albino,80
ILSXISS80/TejJ,f,80_27_32,DR,,25.3,,15.1,,8.42,,35.8,,905,08/28/2005,"CR start 11/18/05",02/19/08,albino,80
ILSXISS80/TejJ,f,80_27_31,DR,,,,,,,,,,409,08/28/2005,"CR start 11/18/05",10/11/06,albino,80
ILSXISS80/TejJ,m,80_27_24,AL,30.0,,22.8,,6.38,,21.9,,929,,07/15/2005,"AL FC",01/30/08,albino,80
ILSXISS80/TejJ,m,80_27_14,AL,31.8,,24.0,,7.13,,22.9,,803,,06/02/2005,"AL FC",08/14/07,albino,80
ILSXISS80/TejJ,m,80_27_20,AL,31.0,,23.3,,8.09,,25.8,,859,,06/30/2005,"AL FC",11/06/07,albino,80
ILSXISS80/TejJ,m,80_27_16,AL,35.4,,23.6,,10.6,,30.9,,772,,06/02/2005,"AL FC",07/14/07,albino,80
ILSXISS80/TejJ,m,80_27_15,AL,,,,,,,,,446,,06/02/2005,"AL FC",08/22/06,albino,80
ILSXISS80/TejJ,m,80_27_28,DR,,20.6,,16.6,,3.08,,15.7,,612,08/28/2005,"CR start 11/18/05",05/02/07,albino,80
ILSXISS80/TejJ,m,80_27_29,DR,,27.9,,19.6,,5.46,,21.8,,923,08/28/2005,"CR start 11/18/05",03/08/08,albino,80
ILSXISS80/TejJ,m,80_27_27,DR,,26.2,,19.1,,5.41,,22.1,,899,07/11/2005,"CR start 11/18/05",12/27/07,albino,80
ILSXISS80/TejJ,m,80_27_30,DR,,26.3,,18.3,,5.77,,24.0,,902,08/28/2005,"CR start 11/18/05",02/16/08,albino,80
ILSXISS80/TejJ,m,80_27_26,DR,,26.2,,21.8,,7.04,,24.4,,933,07/11/2005,"CR start 11/18/05",01/30/08,albino,80
ILSXISS84/TejJ,f,84_28_6,AL,18.5,,15.6,,2.87,,15.5,,810,,06/03/2005,"AL FC",08/22/07,albino,84
ILSXISS84/TejJ,f,84_28_10,AL,16.8,,13.4,,2.60,,16.3,,955,,06/28/2005,"AL FC",02/08/08,albino,84
ILSXISS84/TejJ,f,84_28_5,AL,22.5,,18.1,,4.10,,18.4,,863,,06/03/2005,"AL FC",10/14/07,albino,84
ILSXISS84/TejJ,f,84_28_7,AL,18.5,,14.7,,3.71,,20.2,,767,,06/03/2005,"AL FC",07/10/07,albino,84
ILSXISS84/TejJ,f,84_28_8,AL,22.3,,13.9,,7.37,,34.6,,771,,06/03/2005,"AL FC",07/14/07,albino,84
ILSXISS84/TejJ,f,84_28_14,DR,,,,,,,,,,141,07/20/2005,"CR start 11/18/05",12/08/05,albino,84
ILSXISS84/TejJ,f,84_28_15,DR,,,,,,,,,,373,07/20/2005,"CR start 11/18/05",07/28/06,albino,84
ILSXISS84/TejJ,f,84_28_16,DR,,,,,,,,,,497,07/20/2005,"CR start 11/18/05",11/29/06,albino,84
ILSXISS84/TejJ,f,84_28_17,DR,,,,,,,,,,329,07/20/2005,"CR start 11/18/05",06/14/06,albino,84
ILSXISS84/TejJ,f,84_28_18,DR,,,,,,,,,,136,09/17/2005,"CR start 11/18/05",01/31/06,albino,84
ILSXISS84/TejJ,m,84_28_4,AL,25.0,,20.8,,4.69,,18.4,,669,,06/03/2005,"AL FC",04/03/07,albino,84
ILSXISS84/TejJ,m,84_28_2,AL,23.7,,20.1,,4.70,,18.9,,900,,06/03/2005,"AL FC",11/20/07,albino,84
ILSXISS84/TejJ,m,84_28_1,AL,22.1,,17.1,,4.43,,20.5,,937,,06/03/2005,"AL FC",12/27/07,albino,84
ILSXISS84/TejJ,m,84_28_9,AL,24.2,,17.8,,4.61,,20.5,,842,,06/28/2005,"AL FC",10/18/07,albino,84
ILSXISS84/TejJ,m,84_28_3,AL,25.4,,20.3,,5.45,,21.2,,972,,06/03/2005,"AL FC",01/31/08,albino,84
ILSXISS84/TejJ,m,84_28_20,DR,,23.5,,17.2,,3.35,,16.3,,923,09/17/2005,"CR start 11/18/05",03/28/08,albino,84
ILSXISS84/TejJ,m,84_28_19,DR,,16.3,,12.5,,2.80,,18.3,,1003,09/17/2005,"CR start 11/18/05",06/16/08,albino,84
ILSXISS84/TejJ,m,84_28_13,DR,,25.6,,20.3,,4.72,,18.9,,929,07/20/2005,"CR start 11/18/05",02/04/08,albino,84
ILSXISS84/TejJ,m,84_28_11,DR,,22.3,,16.8,,3.99,,19.2,,986,06/28/2005,"CR start 11/18/05",03/10/08,albino,84
ILSXISS84/TejJ,m,84_28_12,DR,,21.4,,16.3,,4.39,,21.2,,798,07/20/2005,"CR start 11/18/05",09/26/07,albino,84
ILSXISS86/TejJ,f,86_29_6,AL,20.8,,18.1,,4.26,,19.1,,1155,,06/01/2005,"AL FC",07/30/08,albino,86
ILSXISS86/TejJ,f,86_29_4,AL,25.3,,19.9,,5.15,,20.6,,855,,06/01/2005,"AL FC",10/04/07,albino,86
ILSXISS86/TejJ,f,86_29_5,AL,21.8,,17.0,,4.48,,20.8,,984,,06/01/2005,"AL FC",02/10/08,albino,86
ILSXISS86/TejJ,f,86_29_7,AL,23.4,,17.7,,5.19,,22.7,,868,,06/01/2005,"AL FC",10/17/07,albino,86
ILSXISS86/TejJ,f,86_29_8,DR,,20.5,,15.3,,3.69,,19.5,,888,06/01/2005,"CR start 11/18/05",11/06/07,albino,86
ILSXISS86/TejJ,f,86_29_16,DR,,18.6,,15.2,,3.98,,20.8,,825,07/21/2005,"CR start 11/18/05",10/24/07,albino,86
ILSXISS86/TejJ,f,86_29_12,DR,,19.9,,14.7,,4.33,,22.8,,858,07/17/2005,"CR start 11/18/05",11/22/07,albino,86
ILSXISS86/TejJ,f,86_29_14,DR,,18.7,,13.6,,4.11,,23.2,,876,07/21/2005,"CR start 11/18/05",12/14/07,albino,86
ILSXISS86/TejJ,f,86_29_13,DR,,,,,,,,,,135,07/17/2005,"CR start 11/18/05",11/29/05,albino,86
ILSXISS86/TejJ,m,86_29_11,AL,27.3,,22.0,,4.07,,15.6,,827,,07/17/2005,"AL FC",10/22/07,albino,86
ILSXISS86/TejJ,m,86_29_2,AL,26.4,,20.7,,4.97,,19.4,,1111,,06/01/2005,"AL FC",06/16/08,albino,86
ILSXISS86/TejJ,m,86_29_1,AL,28.5,,21.7,,5.60,,20.5,,1137,,06/01/2005,"AL FC",07/12/08,albino,86
ILSXISS86/TejJ,m,86_29_10,AL,28.9,,20.5,,5.40,,20.8,,931,,07/17/2005,"AL FC",02/03/08,albino,86
ILSXISS86/TejJ,m,86_29_9,AL,29.1,,20.6,,6.21,,23.1,,1144,,07/17/2005,"AL FC",09/03/08,albino,86
ILSXISS86/TejJ,m,86_29_17,DR,,,,,,,,,,194,07/21/2005,"CR Start 1/4/06",01/31/06,albino,86
ILSXISS86/TejJ,m,86_29_19,DR,,,,,,,,,,333,09/28/2005,"CR Start 1/4/06",08/27/06,albino,86
ILSXISS86/TejJ,m,86_29_20,DR,,,,,,,,,,125,09/28/2005,"CR Start 1/4/06",01/31/06,albino,86
ILSXISS89/TejJ,f,89_29_10,AL,29.9,,23.7,,3.37,,12.4,,604,,05/31/2005,"AL FC",01/25/07,brown,89
ILSXISS89/TejJ,f,89_29_9,AL,20.3,,15.6,,2.84,,15.4,,903,,05/31/2005,"AL FC",11/20/07,brown,89
ILSXISS89/TejJ,f,89_29_8,AL,23.4,,18.8,,3.86,,17.1,,889,,05/31/2005,"AL FC",11/06/07,brown,89
ILSXISS89/TejJ,f,89_29_7,AL,24.1,,18.5,,4.02,,17.8,,902,,05/31/2005,"AL FC",11/19/07,brown,89
ILSXISS89/TejJ,f,89_29_6,AL,,,,,,,,,469,,05/31/2005,"AL FC",09/12/06,brown,89
ILSXISS89/TejJ,f,89_29_12,DR,,18.2,,13.9,,3.17,,18.5,,913,05/31/2005,"CR start 11/18/05",11/30/07,brown,89
ILSXISS89/TejJ,f,89_29_13,DR,,20.4,,14.6,,3.44,,19.1,,1208,07/01/2005,"CR start 11/18/05",10/21/08,brown,89
ILSXISS89/TejJ,f,89_29_15,DR,,19.9,,14.4,,3.40,,19.1,,997,07/01/2005,"CR start 11/18/05",03/24/08,brown,89
ILSXISS89/TejJ,f,89_29_14,DR,,20.5,,14.7,,3.59,,19.7,,910,07/01/2005,"CR start 11/18/05",12/28/07,brown,89
ILSXISS89/TejJ,f,89_29_11,DR,,19.9,,14.2,,3.66,,20.5,,1131,05/31/2005,"CR start 11/18/05",07/05/08,brown,89
ILSXISS89/TejJ,m,89_29_2,AL,23.7,,19.6,,3.56,,15.4,,1061,,05/31/2005,"AL FC",04/26/08,brown,89
ILSXISS89/TejJ,m,89_29_4,AL,26.0,,21.6,,3.98,,15.5,,579,,05/31/2005,"AL FC",12/31/06,brown,89
ILSXISS89/TejJ,m,89_29_1,AL,25.2,,20.9,,4.29,,17.0,,992,,05/31/2005,"AL FC",02/17/08,brown,89
ILSXISS89/TejJ,m,89_29_3,AL,29.7,,22.1,,6.22,,22.0,,951,,05/31/2005,"AL FC",01/07/08,brown,89
ILSXISS89/TejJ,m,89_29_5,AL,,,,,,,,,515,,05/31/2005,"AL FC",10/28/06,brown,89
ILSXISS89/TejJ,m,89_29_16,DR,,25.2,,18.6,,2.84,,13.2,,1270,07/01/2005,"CR start 11/18/05",12/22/08,brown,89
ILSXISS89/TejJ,m,89_29_18,DR,,22.8,,17.1,,2.90,,14.5,,892,07/29/2005,"CR start 11/18/05",01/07/08,brown,89
ILSXISS89/TejJ,m,89_29_21,DR,,22.6,,17.1,,3.05,,15.1,,1251,08/24/2005,"CR start 11/18/05",01/26/09,brown,89
ILSXISS89/TejJ,m,89_29_17,DR,,27.2,,19.4,,5.07,,20.7,,1280,07/01/2005,"CR start 11/18/05",01/01/09,brown,89
ILSXISS89/TejJ,m,89_29_22,DR,,22.7,,15.4,,5.12,,25.0,,1250,08/24/2005,"CR start 11/18/05",01/25/09,brown,89
ILSXISS90/TejJ,f,90_29_5,AL,25.1,,20.1,,5.13,,20.3,,871,,05/31/2005,"AL FC",10/19/07,"dilute brown",90
ILSXISS90/TejJ,f,90_29_6,AL,23.3,,19.3,,5.26,,21.4,,975,,05/31/2005,"AL FC",01/31/08,"dilute brown",90
ILSXISS90/TejJ,f,90_29_7,AL,26.6,,20.0,,5.67,,22.1,,895,,05/31/2005,"AL FC",11/12/07,"dilute brown",90
ILSXISS90/TejJ,f,90_29_8,AL,31.0,,22.6,,8.87,,28.2,,966,,05/31/2005,"AL FC",01/22/08,"dilute brown",90
ILSXISS90/TejJ,f,90_29_9,AL,32.1,,22.7,,10.4,,31.4,,906,,05/31/2005,"AL FC",11/23/07,"dilute brown",90
ILSXISS90/TejJ,f,90_29_22,DR,,19.8,,15.6,,2.84,,15.4,,1063,06/23/2005,"CR start 11/18/05",05/21/08,"dilute brown",90
ILSXISS90/TejJ,f,90_29_24,DR,,21.9,,17.2,,3.57,,17.2,,1087,07/15/2005,"CR start 11/18/05",07/06/08,"dilute brown",90
ILSXISS90/TejJ,f,90_29_23,DR,,24.7,,18.7,,4.77,,20.3,,1073,06/23/2005,"CR start 11/18/05",05/31/08,"dilute brown",90
ILSXISS90/TejJ,f,90_29_20,DR,,22.6,,16.9,,4.45,,20.8,,1005,06/23/2005,"CR start 11/18/05",03/24/08,"dilute brown",90
ILSXISS90/TejJ,f,90_29_21,DR,,25.0,,18.3,,5.23,,22.2,,589,06/23/2005,"CR start 11/18/05",02/02/07,"dilute brown",90
ILSXISS90/TejJ,m,90_29_10,AL,32.2,,27.1,,4.05,,13.0,,607,,06/23/2005,"AL FC",02/20/07,"dilute brown",90
ILSXISS90/TejJ,m,90_29_1,AL,28.3,,23.6,,4.12,,14.8,,804,,05/31/2005,"AL FC",08/13/07,"dilute brown",90
ILSXISS90/TejJ,m,90_29_2,AL,31.7,,26.5,,5.27,,16.6,,875,,05/31/2005,"AL FC",10/23/07,"dilute brown",90
ILSXISS90/TejJ,m,90_29_3,AL,30.2,,24.4,,5.31,,17.9,,911,,05/31/2005,"AL FC",11/28/07,"dilute brown",90
ILSXISS90/TejJ,m,90_29_4,AL,32.9,,26.2,,6.99,,21.1,,829,,05/31/2005,"AL FC",09/07/07,"dilute brown",90
ILSXISS90/TejJ,m,90_29_12,DR,,29.0,,19.1,,2.26,,10.6,,851,06/23/2005,"CR start 11/18/05",10/22/07,"dilute brown",90
ILSXISS90/TejJ,m,90_29_11,DR,,23.3,,18.9,,2.43,,11.4,,562,06/23/2005,"CR start 11/18/05",01/06/07,"dilute brown",90
ILSXISS90/TejJ,m,90_29_14,DR,,22.9,,18.8,,2.54,,11.9,,892,06/23/2005,"CR start 11/18/05",12/02/07,"dilute brown",90
ILSXISS90/TejJ,m,90_29_15,DR,,22.8,,22.6,,4.63,,17.0,,825,06/23/2005,"CR start 11/18/05",09/26/07,"dilute brown",90
ILSXISS90/TejJ,m,90_29_13,DR,,,,,,,,,,388,06/23/2005,"CR start 11/18/05",07/16/06,"dilute brown",90
ILSXISS92/TejJ,f,92_26_10,AL,22.9,,17.7,,4.65,,20.8,,552,,06/08/2005,"AL FC",12/12/06,"dilute brown",92
ILSXISS92/TejJ,f,92_26_4,AL,25.3,,20.2,,5.61,,21.7,,798,,06/01/2005,"AL FC",08/08/07,"dilute brown",92
ILSXISS92/TejJ,f,92_26_5,AL,28.2,,20.0,,6.84,,25.5,,991,,06/01/2005,"AL FC",02/17/08,"dilute brown",92
ILSXISS92/TejJ,f,92_26_3,AL,25.3,,19.0,,7.49,,28.2,,770,,06/01/2005,"AL FC",07/11/07,"dilute brown",92
ILSXISS92/TejJ,f,92_26_9,AL,26.2,,17.4,,8.37,,32.5,,1060,,06/08/2005,"AL FC",05/03/08,"dilute brown",92
ILSXISS92/TejJ,f,92_26_16,DR,,15.5,,11.4,,1.65,,12.7,,1102,07/01/2005,"CR start 11/18/05",07/07/08,"dilute brown",92
ILSXISS92/TejJ,f,92_26_15,DR,,18.3,,12.9,,2.65,,17.0,,1054,07/01/2005,"CR start 11/18/05",05/20/08,"dilute brown",92
ILSXISS92/TejJ,f,92_26_13,DR,,17.6,,14.5,,3.17,,17.9,,1059,06/08/2005,"CR start 11/18/05",05/02/08,"dilute brown",92
ILSXISS92/TejJ,f,92_26_20,DR,,16.6,,12.4,,2.93,,19.1,,865,07/15/2005,"CR start 11/18/05",11/27/07,"dilute brown",92
ILSXISS92/TejJ,f,92_26_19,DR,,17.1,,13.1,,3.56,,21.4,,1083,07/15/2005,"CR start 11/18/05",07/02/08,"dilute brown",92
ILSXISS92/TejJ,m,92_26_7,AL,31.0,,23.4,,6.91,,22.8,,1170,,06/08/2005,"AL FC",08/21/08,"dilute brown",92
ILSXISS92/TejJ,m,92_26_8,AL,30.9,,23.1,,7.65,,24.9,,1100,,06/08/2005,"AL FC",06/12/08,"dilute brown",92
ILSXISS92/TejJ,m,92_26_6,AL,29.0,,22.0,,7.40,,25.2,,994,,06/08/2005,"AL FC",02/27/08,"dilute brown",92
ILSXISS92/TejJ,m,92_26_2,AL,33.7,,25.2,,8.87,,26.1,,952,,06/01/2005,"AL FC",01/09/08,"dilute brown",92
ILSXISS92/TejJ,m,92_26_1,AL,36.7,,24.9,,11.6,,31.8,,813,,06/01/2005,"AL FC",08/23/07,"dilute brown",92
ILSXISS92/TejJ,m,92_26_12,DR,,15.7,,13.3,,1.50,,10.1,,1100,06/08/2005,"CR start 11/18/05",06/12/08,"dilute brown",92
ILSXISS92/TejJ,m,92_26_11,DR,,21.2,,17.0,,2.76,,14.0,,669,06/08/2005,"CR start 11/18/05",04/08/07,"dilute brown",92
ILSXISS92/TejJ,m,92_26_18,DR,,20.6,,16.6,,3.27,,16.4,,1135,07/15/2005,"CR start 11/18/05",08/23/08,"dilute brown",92
ILSXISS92/TejJ,m,92_26_14,DR,,22.7,,17.0,,3.50,,17.1,,1071,07/01/2005,"CR start 11/18/05",06/06/08,"dilute brown",92
ILSXISS92/TejJ,m,92_26_17,DR,,20.5,,16.0,,3.33,,17.2,,1152,07/15/2005,"CR start 11/18/05",09/09/08,"dilute brown",92
ILSXISS94/TejJ,f,94_29_9,AL,20.9,,17.2,,2.24,,11.6,,735,,05/31/2005,"AL FC",06/05/07,albino,94
ILSXISS94/TejJ,f,94_29_10,AL,19.9,,17.1,,2.24,,11.6,,598,,05/31/2005,"AL FC",01/19/07,albino,94
ILSXISS94/TejJ,f,94_29_12,AL,22.1,,19.6,,3.59,,15.5,,596,,05/31/2005,"AL FC",01/17/07,albino,94
ILSXISS94/TejJ,f,94_29_11,AL,21.0,,19.5,,3.91,,16.7,,699,,05/31/2005,"AL FC",04/30/07,albino,94
ILSXISS94/TejJ,f,94_29_13,AL,25.8,,21.0,,5.12,,19.6,,863,,05/31/2005,"AL FC",10/11/07,albino,94
ILSXISS94/TejJ,f,94_29_19,DR,,17.2,,14.4,,2.54,,15.0,,974,08/01/2005,"CR start 11/18/05",04/01/08,albino,94
ILSXISS94/TejJ,f,94_29_15,DR,,19.0,,14.9,,2.71,,15.4,,1057,05/31/2005,"CR start 11/18/05",04/22/08,albino,94
ILSXISS94/TejJ,f,94_29_18,DR,,19.2,,15.0,,2.76,,15.6,,642,07/01/2005,"CR start 11/18/05",04/04/07,albino,94
ILSXISS94/TejJ,f,94_29_14,DR,,20.6,,15.8,,3.01,,16.0,,623,05/31/2005,"CR start 11/18/05",02/13/07,albino,94
ILSXISS94/TejJ,f,94_29_20,DR,,17.9,,14.6,,2.99,,17.0,,1018,08/01/2005,"CR start 11/18/05",05/15/08,albino,94
ILSXISS94/TejJ,m,94_29_5,AL,13.6,,11.4,,1.53,,11.9,,700,,05/31/2005,"AL FC",05/01/07,albino,94
ILSXISS94/TejJ,m,94_29_3,AL,21.4,,15.9,,3.11,,16.4,,986,,05/31/2005,"AL FC",02/11/08,albino,94
ILSXISS94/TejJ,m,94_29_1,AL,21.9,,16.7,,3.32,,16.6,,718,,05/31/2005,"AL FC",05/19/07,albino,94
ILSXISS94/TejJ,m,94_29_4,AL,23.1,,16.6,,4.82,,22.6,,712,,05/31/2005,"AL FC",05/13/07,albino,94
ILSXISS94/TejJ,m,94_29_2,AL,23.5,,17.9,,5.35,,23.0,,1094,,05/31/2005,"AL FC",05/29/08,albino,94
ILSXISS94/TejJ,m,94_29_7,DR,,17.9,,13.8,,1.93,,12.3,,691,05/31/2005,"CR start 11/18/05",04/22/07,albino,94
ILSXISS94/TejJ,m,94_29_16,DR,,20.3,,15.1,,2.81,,15.7,,700,07/01/2005,"CR start 11/18/05",06/01/07,albino,94
ILSXISS94/TejJ,m,94_29_8,DR,,19.0,,15.5,,3.14,,16.8,,779,05/31/2005,"CR start 11/18/05",07/19/07,albino,94
ILSXISS94/TejJ,m,94_29_17,DR,,,,,,,,,,343,07/01/2005,"CR start 11/18/05",06/09/06,albino,94
ILSXISS94/TejJ,m,94_29_6,DR,,,,,,,,,,245,05/31/2005,"CR start 11/18/05",01/31/06,albino,94
ILSXISS97/TejJ,f,97_27_5,AL,19.6,,17.1,,2.83,,14.2,,557,,06/22/2005,"AL FC",12/31/06,"dilute brown",97
ILSXISS97/TejJ,f,97_27_7,AL,19.7,,16.1,,3.50,,17.9,,999,,06/22/2005,"AL FC",03/17/08,"dilute brown",97
ILSXISS97/TejJ,f,97_27_6,AL,19.9,,15.1,,3.58,,19.1,,1000,,06/22/2005,"AL FC",03/18/08,"dilute brown",97
ILSXISS97/TejJ,f,97_27_4,AL,21.7,,16.4,,4.48,,21.4,,990,,06/04/2005,"AL FC",02/19/08,"dilute brown",97
ILSXISS97/TejJ,f,97_27_8,AL,23.5,,16.1,,6.03,,27.2,,1057,,06/22/2005,"AL FC",05/14/08,"dilute brown",97
ILSXISS97/TejJ,f,97_27_13,DR,,,,,,,,,,442,07/21/2005,"CR start 11/18/05",10/06/06,"dilute brown",97
ILSXISS97/TejJ,f,97_27_14,DR,,,,,,,,,,190,08/19/2005,"CR start 11/18/05",02/25/06,"dilute brown",97
ILSXISS97/TejJ,f,97_27_15,DR,,,,,,,,,,608,08/19/2005,"CR start 11/18/05",04/19/07,"dilute brown",97
ILSXISS97/TejJ,f,97_27_17,DR,,,,,,,,,,427,09/12/2005,"CR start 11/18/05",11/13/06,"dilute brown",97
ILSXISS97/TejJ,f,97_27_18,DR,,,,,,,,,,455,09/12/2005,"CR start 11/18/05",12/11/06,"dilute brown",97
ILSXISS97/TejJ,m,97_27_1,AL,28.0,,20.9,,7.02,,25.1,,983,,06/04/2005,"AL FC",02/12/08,"dilute brown",97
ILSXISS97/TejJ,m,97_27_10,AL,27.0,,18.8,,6.60,,26.0,,991,,06/22/2005,"AL FC",03/09/08,"dilute brown",97
ILSXISS97/TejJ,m,97_27_9,AL,27.4,,19.5,,6.89,,26.1,,911,,06/22/2005,"AL FC",12/20/07,"dilute brown",97
ILSXISS97/TejJ,m,97_27_2,AL,27.1,,19.1,,6.88,,26.5,,996,,06/04/2005,"AL FC",02/25/08,"dilute brown",97
ILSXISS97/TejJ,m,97_27_3,AL,28.8,,19.9,,8.22,,29.3,,997,,06/04/2005,"AL FC",02/26/08,"dilute brown",97
ILSXISS97/TejJ,m,97_27_11,DR,,,,,,,,,,424,07/21/2005,"CR Start 1/4/06",09/18/06,"dilute brown",97
ILSXISS97/TejJ,m,97_27_12,DR,,,,,,,,,,496,07/21/2005,"CR Start 1/4/06",11/29/06,"dilute brown",97
ILSXISS97/TejJ,m,97_27_16,DR,,,,,,,,,,346,09/12/2005,"CR Start 1/4/06",08/24/06,"dilute brown",97
ILSXISS98/TejJ,f,98_27_12,AL,23.5,,17.5,,4.76,,21.4,,1021,,06/15/2005,"AL FC",04/01/08,albino,98
ILSXISS98/TejJ,f,98_27_14,AL,24.6,,17.2,,5.48,,24.2,,1337,,06/15/2005,"AL FC",02/11/09,albino,98
ILSXISS98/TejJ,f,98_27_13,AL,24.9,,16.9,,7.53,,30.9,,1285,,06/15/2005,"AL FC",12/21/08,albino,98
ILSXISS98/TejJ,f,98_27_8,AL,28.4,,18.6,,8.37,,31.1,,1147,,05/31/2005,"AL FC",07/21/08,albino,98
ILSXISS98/TejJ,f,98_27_9,AL,24.3,,17.1,,7.77,,31.2,,1249,,05/31/2005,"AL FC",10/31/08,albino,98
ILSXISS98/TejJ,f,98_27_21,DR,,17.1,,13.5,,3.16,,19.0,,549,08/12/2005,"CR start 11/18/05",02/12/07,albino,98
ILSXISS98/TejJ,f,98_27_24,DR,,17.2,,13.3,,3.14,,19.1,,604,08/24/2005,"CR start 11/18/05",04/20/07,albino,98
ILSXISS98/TejJ,f,98_27_16,DR,,20.6,,15.3,,4.48,,22.6,,825,06/15/2005,"CR start 11/18/05",09/18/07,albino,98
ILSXISS98/TejJ,f,98_27_20,DR,,19.8,,13.1,,4.09,,23.8,,732,08/12/2005,"CR start 11/18/05",08/14/07,albino,98
ILSXISS98/TejJ,f,98_27_15,DR,,,,,,,,,,537,06/15/2005,"CR start 11/18/05",12/04/06,albino,98
ILSXISS98/TejJ,m,98_27_11,AL,26.9,,18.8,,7.80,,29.4,,1209,,06/15/2005,"AL FC",10/06/08,albino,98
ILSXISS98/TejJ,m,98_27_6,AL,29.5,,20.0,,8.46,,29.7,,843,,05/31/2005,"AL FC",09/21/07,albino,98
ILSXISS98/TejJ,m,98_27_7,AL,29.2,,20.2,,8.52,,29.7,,1309,,05/31/2005,"AL FC",12/30/08,albino,98
ILSXISS98/TejJ,m,98_27_10,AL,30.7,,19.4,,9.29,,32.4,,1187,,06/15/2005,"AL FC",09/14/08,albino,98
ILSXISS98/TejJ,m,98_27_5,AL,29.9,,19.4,,9.33,,32.4,,1092,,05/31/2005,"AL FC",05/27/08,albino,98
ILSXISS98/TejJ,m,98_27_22,DR,,21.5,,16.5,,4.31,,20.8,,819,08/24/2005,"CR start 11/18/05",11/21/07,albino,98
ILSXISS98/TejJ,m,98_27_19,DR,,20.3,,15.6,,4.41,,22.0,,635,08/12/2005,"CR start 11/18/05",05/09/07,albino,98
ILSXISS98/TejJ,m,98_27_18,DR,,21.5,,15.8,,4.75,,23.1,,548,08/12/2005,"CR start 11/18/05",02/11/07,albino,98
ILSXISS98/TejJ,m,98_27_23,DR,,22.8,,15.9,,5.24,,24.8,,918,08/24/2005,"CR start 11/18/05",02/28/08,albino,98
ILSXISS98/TejJ,m,98_27_17,DR,,,,,,,,,,379,06/15/2005,"CR start 11/18/05",06/29/06,albino,98
ILSXISS99/TejJ,f,99_27_10,AL,25.1,,19.9,,4.47,,18.3,,640,,06/27/2005,"AL FC",03/29/07,albino,99
ILSXISS99/TejJ,f,99_27_8,AL,25.2,,17.5,,6.35,,26.7,,548,,06/27/2005,"AL FC",12/27/06,albino,99
ILSXISS99/TejJ,f,99_27_9,AL,26.9,,19.4,,8.59,,30.7,,954,,06/27/2005,"AL FC",02/06/08,albino,99
ILSXISS99/TejJ,f,99_27_4,AL,27.2,,16.8,,9.76,,36.7,,1010,,06/04/2005,"AL FC",03/10/08,albino,99
ILSXISS99/TejJ,f,99_27_3,AL,27.6,,15.3,,12.0,,43.9,,887,,06/04/2005,"AL FC",11/08/07,albino,99
ILSXISS99/TejJ,f,99_27_17,DR,,17.3,,13.2,,1.85,,12.3,,638,07/25/2005,"CR start 11/18/05",04/24/07,albino,99
ILSXISS99/TejJ,f,99_27_14,DR,,17.5,,13.4,,2.19,,14.1,,582,06/27/2005,"CR start 11/18/05",01/30/07,albino,99
ILSXISS99/TejJ,f,99_27_13,DR,,19.5,,13.4,,2.30,,14.6,,753,06/27/2005,"CR start 11/18/05",07/20/07,albino,99
ILSXISS99/TejJ,f,99_27_11,DR,,,,,,,,,,219,06/27/2005,"CR start 11/18/05",02/01/06,albino,99
ILSXISS99/TejJ,f,99_27_12,DR,,,,,,,,,,158,06/27/2005,"CR start 11/18/05",12/02/05,albino,99
ILSXISS99/TejJ,m,99_27_2,AL,29.3,,23.2,,5.26,,18.5,,1001,,06/04/2005,"AL FC",03/01/08,albino,99
ILSXISS99/TejJ,m,99_27_6,AL,30.0,,22.4,,7.81,,25.8,,907,,06/27/2005,"AL FC",12/21/07,albino,99
ILSXISS99/TejJ,m,99_27_7,AL,32.5,,23.8,,8.34,,26.0,,1046,,06/27/2005,"AL FC",05/08/08,albino,99
ILSXISS99/TejJ,m,99_27_5,AL,34.0,,23.9,,9.36,,28.1,,930,,06/27/2005,"AL FC",01/13/08,albino,99
ILSXISS99/TejJ,m,99_27_1,AL,33.8,,23.4,,9.80,,29.5,,786,,06/04/2005,"AL FC",07/30/07,albino,99
ILSXISS99/TejJ,m,99_27_15,DR,,28.9,,19.4,,5.78,,23.0,,574,06/27/2005,"CR start 11/18/05",01/22/07,albino,99
ILSXISS99/TejJ,m,99_27_20,DR,,28.3,,19.8,,6.35,,24.3,,681,07/25/2005,"CR start 11/18/05",06/06/07,albino,99
ILSXISS99/TejJ,m,99_27_16,DR,,29.5,,18.6,,6.73,,26.6,,863,06/27/2005,"CR start 11/18/05",11/07/07,albino,99
ILSXISS99/TejJ,m,99_27_19,DR,,31.7,,20.9,,8.57,,29.1,,1014,07/25/2005,"CR start 11/18/05",05/04/08,albino,99
ILSXISS99/TejJ,m,99_27_18,DR,,28.6,,18.5,,8.29,,30.9,,1003,07/25/2005,"CR start 11/18/05",04/23/08,albino,99
ILSXISS100/TejJ,f,100_27_8,AL,21.3,,16.6,,3.83,,18.7,,928,,06/02/2005,"AL FC",12/17/07,"dilute brown",100
ILSXISS100/TejJ,f,100_27_12,AL,22.3,,17.2,,4.18,,19.5,,884,,06/08/2005,"AL FC",11/09/07,"dilute brown",100
ILSXISS100/TejJ,f,100_27_11,AL,22.8,,15.5,,4.11,,20.9,,924,,06/08/2005,"AL FC",12/19/07,"dilute brown",100
ILSXISS100/TejJ,f,100_27_9,AL,22.5,,18.1,,4.81,,21.0,,928,,06/02/2005,"AL FC",12/17/07,"dilute brown",100
ILSXISS100/TejJ,f,100_27_13,AL,22.1,,18.4,,7.07,,27.8,,893,,06/08/2005,"AL FC",11/18/07,"dilute brown",100
ILSXISS100/TejJ,f,100_27_18,DR,,16.8,,13.3,,2.57,,16.2,,1013,08/05/2005,"CR  Start 1/4/06",05/14/08,"dilute brown",100
ILSXISS100/TejJ,f,100_27_19,DR,,,,,,,,,,967,09/28/2005,"CR  Start 1/4/06",05/22/08,"dilute brown",100
ILSXISS100/TejJ,f,100_27_20,DR,,,,,,,,,,974,09/28/2005,"CR  Start 1/4/06",05/29/08,"dilute brown",100
ILSXISS100/TejJ,m,100_27_14,AL,17.2,,12.9,,1.90,,12.8,,895,,06/08/2005,"AL FC",11/20/07,"dilute brown",100
ILSXISS100/TejJ,m,100_27_10,AL,27.2,,16.0,,3.85,,19.4,,922,,06/08/2005,"AL FC",12/17/07,"dilute brown",100
ILSXISS100/TejJ,m,100_27_6,AL,26.5,,19.4,,5.04,,20.6,,937,,06/02/2005,"AL FC",12/26/07,"dilute brown",100
ILSXISS100/TejJ,m,100_27_7,AL,27.3,,19.6,,5.70,,22.6,,877,,06/02/2005,"AL FC",10/27/07,"dilute brown",100
ILSXISS100/TejJ,m,100_27_15,AL,22.8,,15.5,,4.72,,23.3,,892,,08/05/2005,"AL FC",01/14/08,"dilute brown",100
ILSXISS100/TejJ,m,100_27_16,DR,,14.4,,12.6,,1.62,,11.4,,638,08/05/2005,"CR  Start 1/4/06",05/05/07,"dilute brown",100
ILSXISS100/TejJ,m,100_27_17,DR,,20.9,,14.8,,2.38,,13.8,,894,08/05/2005,"CR  Start 1/4/06",01/16/08,"dilute brown",100
ILSXISS100/TejJ,m,100_27_21,DR,,,,,,,,,,848,09/28/2005,"CR  Start 1/4/06",01/24/08,"dilute brown",100
ILSXISS103/TejJ,f,103_27_9,AL,22.8,,17.6,,3.93,,18.3,,948,,06/27/2005,"AL FC",01/31/08,"dilute brown",103
ILSXISS103/TejJ,f,103_27_6,AL,25.4,,18.5,,4.45,,19.4,,980,,06/03/2005,"AL FC",02/08/08,"dilute brown",103
ILSXISS103/TejJ,f,103_27_10,AL,23.8,,18.8,,4.65,,19.9,,855,,06/27/2005,"AL FC",10/30/07,"dilute brown",103
ILSXISS103/TejJ,f,103_27_7,AL,24.9,,18.9,,4.80,,20.2,,836,,06/03/2005,"AL FC",09/17/07,"dilute brown",103
ILSXISS103/TejJ,f,103_27_5,AL,28.0,,20.0,,6.42,,24.3,,774,,06/03/2005,"AL FC",07/17/07,"dilute brown",103
ILSXISS103/TejJ,f,103_27_12,DR,,22.4,,15.3,,3.34,,18.0,,1093,06/27/2005,"CR start 1/4/06",06/24/08,"dilute brown",103
ILSXISS103/TejJ,f,103_27_16,DR,,21.9,,14.0,,4.11,,22.7,,1122,06/27/2005,"CR start 1/4/06",07/23/08,"dilute brown",103
ILSXISS103/TejJ,m,103_27_3,AL,27.4,,20.7,,4.04,,16.3,,789,,06/03/2005,"AL FC",08/01/07,"dilute brown",103
ILSXISS103/TejJ,m,103_27_2,AL,27.3,,21.2,,5.01,,19.1,,851,,06/03/2005,"AL FC",10/02/07,"dilute brown",103
ILSXISS103/TejJ,m,103_27_8,AL,27.5,,21.9,,5.95,,21.4,,812,,06/27/2005,"AL FC",09/17/07,"dilute brown",103
ILSXISS103/TejJ,m,103_27_4,AL,26.1,,22.0,,6.71,,23.4,,1061,,06/03/2005,"AL FC",04/29/08,"dilute brown",103
ILSXISS103/TejJ,m,103_27_1,AL,31.6,,22.3,,8.01,,26.4,,823,,06/03/2005,"AL FC",09/04/07,"dilute brown",103
ILSXISS103/TejJ,m,103_27_18,DR,,25.9,,18.2,,5.07,,21.8,,1130,06/27/2005,"CR start 11/18/05",07/31/08,"dilute brown",103
ILSXISS103/TejJ,m,103_27_15,DR,,27.0,,18.7,,5.95,,24.1,,1115,06/27/2005,"CR start 11/18/05",07/16/08,"dilute brown",103
ILSXISS103/TejJ,m,103_27_11,DR,,28.5,,19.6,,6.87,,25.9,,890,06/27/2005,"CR start 11/18/05",12/04/07,"dilute brown",103
ILSXISS103/TejJ,m,103_27_14,DR,,29.1,,19.5,,6.88,,26.0,,926,06/27/2005,"CR start 11/18/05",01/09/08,"dilute brown",103
ILSXISS103/TejJ,m,103_27_13,DR,,28.1,,19.0,,6.90,,26.7,,1028,06/27/2005,"CR start 11/18/05",04/20/08,"dilute brown",103
ILSXISS107/TejJ,f,107_29_7,AL,20.7,,16.7,,2.74,,14.1,,1052,,06/01/2005,"AL FC",04/18/08,albino,107
ILSXISS107/TejJ,f,107_29_10,AL,21.4,,18.5,,3.50,,15.9,,593,,07/09/2005,"AL FC",02/22/07,albino,107
ILSXISS107/TejJ,f,107_29_8,AL,19.8,,15.4,,2.95,,16.1,,596,,06/01/2005,"AL FC",01/18/07,albino,107
ILSXISS107/TejJ,f,107_29_6,AL,23.6,,17.4,,4.23,,19.5,,777,,06/01/2005,"AL FC",07/18/07,albino,107
ILSXISS107/TejJ,f,107_29_5,AL,,,,,,,,,446,,06/01/2005,"AL FC",08/21/06,albino,107
ILSXISS107/TejJ,f,107_29_13,DR,,14.7,,11.9,,1.66,,12.2,,673,07/12/2005,"CR start 11/18/05",05/16/07,albino,107
ILSXISS107/TejJ,f,107_29_12,DR,,16.7,,13.0,,2.19,,14.4,,674,07/09/2005,"CR start 11/18/05",05/14/07,albino,107
ILSXISS107/TejJ,f,107_29_14,DR,,17.5,,13.4,,3.03,,18.5,,756,07/12/2005,"CR start 11/18/05",08/07/07,albino,107
ILSXISS107/TejJ,f,107_29_22,DR,,17.0,,12.2,,3.33,,21.4,,654,09/10/2005,"CR start 11/18/05",06/26/07,albino,107
ILSXISS107/TejJ,f,107_29_11,DR,,18.2,,13.9,,3.89,,21.8,,680,07/09/2005,"CR start 11/18/05",05/20/07,albino,107
ILSXISS107/TejJ,m,107_29_1,AL,21.8,,17.9,,3.42,,16.1,,1079,,06/01/2005,"AL FC",05/15/08,albino,107
ILSXISS107/TejJ,m,107_29_2,AL,26.8,,21.0,,4.97,,19.1,,1181,,06/01/2005,"AL FC",08/25/08,albino,107
ILSXISS107/TejJ,m,107_29_3,AL,25.5,,18.9,,4.85,,20.4,,1074,,06/01/2005,"AL FC",05/10/08,albino,107
ILSXISS107/TejJ,m,107_29_4,AL,28.4,,21.4,,6.24,,22.6,,748,,06/01/2005,"AL FC",06/19/07,albino,107
ILSXISS107/TejJ,m,107_29_9,AL,23.7,,16.8,,5.59,,25.0,,1147,,07/09/2005,"AL FC",08/29/08,albino,107
ILSXISS107/TejJ,m,107_29_17,DR,,16.7,,13.5,,1.68,,11.1,,564,07/12/2005,"CR start 11/18/05",01/27/07,albino,107
ILSXISS107/TejJ,m,107_29_19,DR,,18.7,,13.8,,2.70,,16.4,,635,07/25/2005,"CR start 11/18/05",04/21/07,albino,107
ILSXISS107/TejJ,m,107_29_15,DR,,19.2,,14.7,,3.21,,17.9,,598,07/12/2005,"CR start 11/18/05",03/02/07,albino,107
ILSXISS107/TejJ,m,107_29_18,DR,,19.7,,14.6,,4.20,,22.4,,658,07/25/2005,"CR start 11/18/05",05/14/07,albino,107
ILSXISS107/TejJ,m,107_29_16,DR,,,,,,,,,,146,07/12/2005,"CR start 11/18/05",12/05/05,albino,107
ILSXISS110/TejJ,f,110_26_11,AL,25.9,,20.3,,5.18,,20.3,,1002,,05/30/2005,"AL FC",02/26/08,brown,110
ILSXISS110/TejJ,f,110_26_12,AL,24.9,,17.8,,5.89,,24.8,,619,,05/30/2005,"AL FC",02/08/07,brown,110
ILSXISS110/TejJ,f,110_26_9,AL,28.5,,20.0,,7.41,,27.1,,851,,05/30/2005,"AL FC",09/28/07,brown,110
ILSXISS110/TejJ,f,110_26_13,AL,27.6,,19.1,,7.80,,29.0,,625,,05/30/2005,"AL FC",02/14/07,brown,110
ILSXISS110/TejJ,f,110_26_10,AL,30.6,,21.1,,9.00,,29.9,,990,,05/30/2005,"AL FC",02/14/08,brown,110
ILSXISS110/TejJ,f,110_26_23,DR,,17.5,,13.8,,1.79,,11.5,,609,08/24/2005,"CR start 11/18/05",04/25/07,brown,110
ILSXISS110/TejJ,f,110_26_19,DR,,18.3,,14.2,,2.50,,15.0,,688,07/12/2005,"CR start 11/18/05",05/31/07,brown,110
ILSXISS110/TejJ,f,110_26_18,DR,,19.4,,14.7,,3.30,,18.3,,878,07/12/2005,"CR start 11/18/05",12/07/07,brown,110
ILSXISS110/TejJ,f,110_26_26,DR,,19.5,,14.5,,3.33,,18.7,,1080,08/30/2005,"CR start 11/18/05",08/14/08,brown,110
ILSXISS110/TejJ,f,110_26_20,DR,,18.3,,14.9,,3.44,,18.8,,1197,07/12/2005,"CR start 11/18/05",10/21/08,brown,110
ILSXISS110/TejJ,m,110_26_6,AL,23.6,,20.3,,2.25,,9.99,,587,,05/30/2005,"AL FC",01/07/07,brown,110
ILSXISS110/TejJ,m,110_26_8,AL,31.7,,25.1,,3.80,,13.2,,645,,05/30/2005,"AL FC",03/06/07,brown,110
ILSXISS110/TejJ,m,110_26_14,AL,27.1,,22.0,,3.87,,15.0,,937,,07/12/2005,"AL FC",02/04/08,brown,110
ILSXISS110/TejJ,m,110_26_5,AL,,,,,,,,,484,,05/30/2005,"AL FC",09/26/06,brown,110
ILSXISS110/TejJ,m,110_26_7,AL,,,,,,,,,533,,05/30/2005,"AL FC",11/14/06,brown,110
ILSXISS110/TejJ,m,110_26_16,DR,,24.9,,20.2,,3.63,,15.2,,735,07/12/2005,"CR start 11/18/05",07/17/07,brown,110
ILSXISS110/TejJ,m,110_26_22,DR,,24.3,,18.9,,3.40,,15.2,,1204,08/24/2005,"CR start 11/18/05",12/10/08,brown,110
ILSXISS110/TejJ,m,110_26_21,DR,,26.2,,20.1,,3.93,,16.4,,1204,08/24/2005,"CR start 11/18/05",12/10/08,brown,110
ILSXISS110/TejJ,m,110_26_17,DR,,24.9,,19.6,,4.46,,18.6,,889,07/12/2005,"CR start 11/18/05",12/18/07,brown,110
ILSXISS110/TejJ,m,110_26_15,DR,,21.5,,16.9,,3.88,,18.7,,1095,07/12/2005,"CR start 11/18/05",07/11/08,brown,110
ILSXISS112/TejJ,f,112_29_14,AL,24.6,,22.6,,2.47,,9.85,,580,,06/01/2005,"AL FC",01/02/07,albino,112
ILSXISS112/TejJ,f,112_29_10,AL,27.9,,23.3,,2.75,,10.6,,600,,06/01/2005,"AL FC",01/22/07,albino,112
ILSXISS112/TejJ,f,112_29_11,AL,24.8,,19.5,,3.70,,15.9,,792,,06/01/2005,"AL FC",08/02/07,albino,112
ILSXISS112/TejJ,f,112_29_12,AL,26.3,,20.0,,4.37,,17.9,,827,,06/01/2005,"AL FC",09/06/07,albino,112
ILSXISS112/TejJ,f,112_29_13,AL,,,,,,,,,552,,06/01/2005,"AL FC",12/05/06,albino,112
ILSXISS112/TejJ,f,112_29_16,DR,,18.9,,15.0,,2.39,,13.8,,1222,06/01/2005,"CR start 11/18/05",10/05/08,albino,112
ILSXISS112/TejJ,f,112_29_17,DR,,20.9,,15.1,,2.67,,15.0,,776,06/01/2005,"CR start 11/18/05",07/17/07,albino,112
ILSXISS112/TejJ,f,112_29_15,DR,,20.5,,15.0,,3.82,,20.3,,1172,06/01/2005,"CR start 11/18/05",08/16/08,albino,112
ILSXISS112/TejJ,f,112_29_18,DR,,,,,,,,,,189,06/01/2005,"CR start 11/18/05",12/07/05,albino,112
ILSXISS112/TejJ,f,112_29_19,DR,,,,,,,,,,203,06/01/2005,"CR start 11/18/05",12/21/05,albino,112
ILSXISS112/TejJ,m,112_29_7,AL,31.2,,25.5,,4.15,,14.0,,838,,06/01/2005,"AL FC",09/17/07,albino,112
ILSXISS112/TejJ,m,112_29_9,AL,34.2,,24.8,,7.01,,22.0,,1055,,06/01/2005,"AL FC",04/21/08,albino,112
ILSXISS112/TejJ,m,112_29_8,AL,37.7,,23.1,,12.1,,34.4,,1181,,06/01/2005,"AL FC",08/25/08,albino,112
ILSXISS112/TejJ,m,112_29_6,AL,43.6,,25.8,,15.7,,37.7,,610,,06/01/2005,"AL FC",02/01/07,albino,112
ILSXISS112/TejJ,m,112_29_21,DR,,25.0,,18.1,,4.82,,21.0,,950,07/03/2005,"CR Start 1/4/06",02/08/08,albino,112
ILSXISS112/TejJ,m,112_29_31,DR,,31.0,,20.0,,8.60,,30.0,,1004,08/15/2005,"CR Start 1/4/06",05/15/08,albino,112
ILSXISS112/TejJ,m,112_29_30,DR,,30.8,,19.8,,8.87,,30.9,,997,08/15/2005,"CR Start 1/4/06",05/08/08,albino,112
ILSXISS112/TejJ,m,112_29_35,DR,,33.7,,19.9,,11.5,,36.6,,1126,09/04/2005,"CR Start 1/4/06",10/04/08,albino,112
ILSXISS114/TejJ,f,114_29_4,AL,22.7,,17.8,,3.97,,18.2,,1055,,06/05/2005,"AL FC",04/25/08,"dilute brown",114
ILSXISS114/TejJ,f,114_29_5,AL,17.8,,13.5,,3.42,,20.2,,1058,,06/05/2005,"AL FC",04/28/08,"dilute brown",114
ILSXISS114/TejJ,f,114_29_7,AL,18.9,,14.0,,3.96,,22.0,,875,,06/05/2005,"AL FC",10/28/07,"dilute brown",114
ILSXISS114/TejJ,f,114_29_10,AL,26.0,,18.6,,6.91,,27.1,,911,,07/12/2005,"AL FC",01/09/08,"dilute brown",114
ILSXISS114/TejJ,f,114_29_6,AL,,,,,,,,,527,,06/05/2005,"AL FC",11/14/06,"dilute brown",114
ILSXISS114/TejJ,f,114_29_12,DR,,,,,,,,,,397,08/24/2005,"CR Start 1/4/06",09/25/06,"dilute brown",114
ILSXISS114/TejJ,f,114_29_13,DR,,,,,,,,,,447,08/24/2005,"CR Start 1/4/06",11/14/06,"dilute brown",114
ILSXISS114/TejJ,f,114_29_14,DR,,,,,,,,,,331,08/24/2005,"CR Start 1/4/06",07/21/06,"dilute brown",114
ILSXISS114/TejJ,f,114_29_15,DR,,,,,,,,,,151,08/24/2005,"CR Start 1/4/06",01/22/06,"dilute brown",114
ILSXISS114/TejJ,m,114_29_1,AL,21.8,,19.9,,4.59,,18.8,,1042,,06/05/2005,"AL FC",04/12/08,"dilute brown",114
ILSXISS114/TejJ,m,114_29_2,AL,25.3,,21.5,,5.37,,20.0,,1044,,06/05/2005,"AL FC",04/14/08,"dilute brown",114
ILSXISS114/TejJ,m,114_29_3,AL,22.7,,16.0,,4.54,,22.1,,1013,,06/05/2005,"AL FC",03/14/08,"dilute brown",114
ILSXISS114/TejJ,m,114_29_8,AL,,,,,,,,,952,,07/12/2005,"AL FC",02/19/08,"dilute brown",114
ILSXISS114/TejJ,m,114_29_9,AL,,,,,,,,,885,,07/12/2005,"AL FC",12/14/07,"dilute brown",114
ILSXISS114/TejJ,m,114_29_16,DR,,15.9,,12.7,,1.31,,9.34,,793,08/24/2005,"CR Start 1/4/06",10/26/07,"dilute brown",114
ILSXISS114/TejJ,m,114_29_11,DR,,16.0,,13.7,,1.76,,11.4,,542,07/12/2005,"CR Start 1/4/06",01/05/07,"dilute brown",114
ILSXISS115/TejJ,f,115_28_5,AL,21.3,,17.4,,3.03,,14.9,,799,,07/29/2005,"AL FC",10/06/07,"dilute brown",115
ILSXISS115/TejJ,f,115_28_1,AL,21.1,,16.9,,3.12,,15.6,,556,,07/29/2005,"AL FC",02/05/07,"dilute brown",115
ILSXISS115/TejJ,f,115_28_2,AL,22.5,,17.5,,3.71,,17.5,,746,,07/29/2005,"AL FC",08/14/07,"dilute brown",115
ILSXISS115/TejJ,f,115_28_3,AL,21.8,,16.7,,3.71,,18.1,,632,,07/29/2005,"AL FC",04/22/07,"dilute brown",115
ILSXISS115/TejJ,f,115_28_4,AL,22.0,,15.3,,3.86,,20.2,,924,,07/29/2005,"AL FC",02/08/08,"dilute brown",115
ILSXISS115/TejJ,f,115_28_11,DR,,,,,,,,,,147,10/09/2005,"CR Start 1/4/06",03/05/06,"dilute brown",115
ILSXISS115/TejJ,f,115_28_16,DR,,,,,,,,,,79,10/31/2005,"CR Start 1/4/06",01/18/06,"dilute brown",115
ILSXISS115/TejJ,m,115_28_9,AL,26.9,,19.2,,6.64,,25.7,,992,,09/12/2005,"AL FC",05/31/08,"dilute brown",115
ILSXISS115/TejJ,m,115_28_6,AL,26.8,,21.7,,7.75,,26.3,,890,,07/29/2005,"AL FC",01/05/08,"dilute brown",115
ILSXISS115/TejJ,m,115_28_10,AL,25.5,,18.2,,6.60,,26.6,,1017,,09/12/2005,"AL FC",06/25/08,"dilute brown",115
ILSXISS115/TejJ,m,115_28_8,AL,28.3,,17.3,,7.32,,29.7,,1088,,09/12/2005,"AL FC",09/04/08,"dilute brown",115
ILSXISS115/TejJ,m,115_28_7,AL,35.6,,22.6,,11.9,,34.5,,789,,08/01/2005,"AL FC",09/29/07,"dilute brown",115
ILSXISS115/TejJ,m,115_28_12,DR,,,,,,,,,,407,10/09/2005,"CR Start 1/4/06",11/20/06,"dilute brown",115
ILSXISS115/TejJ,m,115_28_13,DR,,,,,,,,,,227,10/31/2005,"CR Start 1/4/06",06/15/06,"dilute brown",115
ILSXISS115/TejJ,m,115_28_14,DR,,,,,,,,,,198,10/31/2005,"CR Start 1/4/06",05/17/06,"dilute brown",115
ILSXISS115/TejJ,m,115_28_15,DR,,,,,,,,,,339,10/31/2005,"CR Start 1/4/06",10/05/06,"dilute brown",115
ILSXISS117,f,117_30_9,AL,28.0,,23.1,,4.49,,16.3,,575,,06/27/2005,"AL FC",01/23/07,albino,117
ILSXISS117,f,117_30_10,AL,30.9,,23.4,,6.39,,21.5,,641,,07/22/2005,"AL FC",04/24/07,albino,117
ILSXISS117,f,117_30_15,AL,25.2,,17.8,,5.40,,23.3,,824,,08/24/2005,"AL FC",11/26/07,albino,117
ILSXISS117,f,117_30_11,AL,31.9,,18.1,,7.72,,29.9,,819,,07/22/2005,"AL FC",10/19/07,albino,117
ILSXISS117,f,117_30_8,AL,,,,,,,,,477,,06/27/2005,"AL FC",10/17/06,albino,117
ILSXISS117,f,117_30_19,DR,,18.9,,16.1,,2.52,,13.6,,927,08/24/2005,"CR Start 1/4/06",03/08/08,albino,117
ILSXISS117,f,117_30_18,DR,,19.3,,10.6,,4.91,,31.6,,1078,08/24/2005,"CR Start 1/4/06",08/06/08,albino,117
ILSXISS117,m,117_30_4,AL,22.1,,17.8,,3.42,,16.1,,761,,06/02/2005,"AL FC",07/03/07,albino,117
ILSXISS117,m,117_30_2,AL,19.9,,15.7,,3.15,,16.7,,755,,06/02/2005,"AL FC",06/27/07,albino,117
ILSXISS117,m,117_30_3,AL,21.7,,17.1,,4.54,,21.0,,893,,06/02/2005,"AL FC",11/12/07,albino,117
ILSXISS117,m,117_30_1,AL,27.4,,21.0,,5.81,,21.6,,1092,,06/02/2005,"AL FC",05/29/08,albino,117
ILSXISS117,m,117_30_5,AL,23.0,,17.1,,4.96,,22.5,,1075,,06/02/2005,"AL FC",05/12/08,albino,117
ILSXISS117,m,117_30_7,DR,,24.3,,17.2,,2.25,,11.6,,557,06/27/2005,"CR start 11/18/05",01/05/07,albino,117
ILSXISS117,m,117_30_12,DR,,25.6,,19.8,,3.79,,16.1,,762,07/22/2005,"CR start 11/18/05",08/23/07,albino,117
ILSXISS117,m,117_30_6,DR,,25.7,,17.8,,3.58,,16.7,,696,06/27/2005,"CR start 11/18/05",05/24/07,albino,117
ILSXISS117,m,117_30_14,DR,,26.3,,19.1,,6.04,,24.0,,745,07/22/2005,"CR start 11/18/05",08/06/07,albino,117
ILSXISS117,m,117_30_13,DR,,,,,,,,,,483,07/22/2005,"CR start 11/18/05",11/17/06,albino,117
ILSXISS122/TejJ,f,122_30_12,AL,25.4,,18.8,,4.40,,19.0,,1074,,07/17/2005,"AL FC",06/25/08,"dilute brown",122
ILSXISS122/TejJ,f,122_30_9,AL,24.5,,18.6,,4.60,,19.8,,1155,,07/17/2005,"AL FC",09/14/08,"dilute brown",122
ILSXISS122/TejJ,f,122_30_11,AL,25.1,,18.8,,4.86,,20.5,,1010,,07/17/2005,"AL FC",04/22/08,"dilute brown",122
ILSXISS122/TejJ,f,122_30_8,AL,27.6,,19.4,,6.52,,25.1,,701,,07/17/2005,"AL FC",06/18/07,"dilute brown",122
ILSXISS122/TejJ,f,122_30_10,AL,,,,,,,,,450,,07/17/2005,"AL FC",10/10/06,"dilute brown",122
ILSXISS122/TejJ,f,122_30_15,DR,,,,,,,,,,263,09/02/2005,"CR Start 1/4/06",05/23/06,"dilute brown",122
ILSXISS122/TejJ,f,122_30_16,DR,,,,,,,,,,455,09/02/2005,"CR Start 1/4/06",12/01/06,"dilute brown",122
ILSXISS122/TejJ,f,122_30_17,DR,,,,,,,,,,178,09/02/2005,"CR Start 1/4/06",02/27/06,"dilute brown",122
ILSXISS122/TejJ,m,122_30_14,AL,27.9,,23.2,,2.63,,10.2,,767,,07/17/2005,"AL FC",08/23/07,"dilute brown",122
ILSXISS122/TejJ,m,122_30_6,AL,28.3,,21.9,,2.60,,10.6,,859,,06/01/2005,"AL FC",10/08/07,"dilute brown",122
ILSXISS122/TejJ,m,122_30_5,AL,28.3,,20.9,,2.66,,11.3,,843,,06/01/2005,"AL FC",09/22/07,"dilute brown",122
ILSXISS122/TejJ,m,122_30_7,AL,26.7,,22.8,,2.93,,11.4,,959,,06/01/2005,"AL FC",01/16/08,"dilute brown",122
ILSXISS122/TejJ,m,122_30_13,AL,29.8,,24.8,,3.21,,11.5,,956,,07/17/2005,"AL FC",02/28/08,"dilute brown",122
ILSXISS122/TejJ,m,122_30_21,DR,,20.2,,16.6,,2.09,,11.2,,893,09/02/2005,"CR start 11/18/05",02/12/08,"dilute brown",122
ILSXISS122/TejJ,m,122_30_22,DR,,17.9,,14.9,,2.48,,14.3,,857,09/02/2005,"CR start 11/18/05",01/07/08,"dilute brown",122
ILSXISS122/TejJ,m,122_30_18,DR,,19.4,,14.1,,2.47,,14.9,,840,09/02/2005,"CR start 11/18/05",12/21/07,"dilute brown",122
ILSXISS122/TejJ,m,122_30_19,DR,,,,,,,,,,473,09/02/2005,"CR start 11/18/05",12/19/06,"dilute brown",122
ILSXISS122/TejJ,m,122_30_20,DR,,,,,,,,,,362,09/02/2005,"CR start 11/18/05",08/30/06,"dilute brown",122
ILSXISS123/TejJ,f,123_30_6,AL,24.3,,19.5,,2.54,,11.6,,962,,06/02/2005,"AL FC",01/20/08,brown,123
ILSXISS123/TejJ,f,123_30_5,AL,24.8,,19.4,,4.07,,17.4,,983,,06/02/2005,"AL FC",02/10/08,brown,123
ILSXISS123/TejJ,f,123_30_3,AL,24.4,,17.9,,3.96,,18.1,,1012,,06/02/2005,"AL FC",03/10/08,brown,123
ILSXISS123/TejJ,f,123_30_4,AL,26.8,,19.1,,4.72,,19.8,,938,,06/02/2005,"AL FC",12/27/07,brown,123
ILSXISS123/TejJ,f,123_30_7,AL,27.8,,18.0,,6.73,,27.2,,716,,06/22/2005,"AL FC",06/08/07,brown,123
ILSXISS123/TejJ,f,123_30_11,DR,,19.5,,14.0,,1.79,,11.4,,1196,06/22/2005,"CR start 11/18/05",09/30/08,brown,123
ILSXISS123/TejJ,f,123_30_17,DR,,16.5,,13.8,,1.83,,11.7,,616,07/20/2005,"CR start 11/18/05",03/28/07,brown,123
ILSXISS123/TejJ,f,123_30_21,DR,,13.7,,10.5,,1.53,,12.7,,1122,09/12/2005,"CR start 11/18/05",10/08/08,brown,123
ILSXISS123/TejJ,f,123_30_19,DR,,20.3,,15.5,,3.02,,16.3,,1033,09/12/2005,"CR start 11/18/05",07/11/08,brown,123
ILSXISS123/TejJ,f,123_30_20,DR,,20.2,,14.2,,2.95,,17.2,,1093,09/12/2005,"CR start 11/18/05",09/09/08,brown,123
ILSXISS123/TejJ,m,123_30_10,AL,29.6,,22.5,,4.34,,16.1,,1049,,06/22/2005,"AL FC",05/06/08,brown,123
ILSXISS123/TejJ,m,123_30_8,AL,32.5,,24.4,,5.62,,18.7,,858,,06/22/2005,"AL FC",10/28/07,brown,123
ILSXISS123/TejJ,m,123_30_1,AL,30.7,,22.7,,5.76,,20.2,,915,,06/02/2005,"AL FC",12/04/07,brown,123
ILSXISS123/TejJ,m,123_30_2,AL,32.0,,23.4,,6.78,,22.5,,1016,,06/02/2005,"AL FC",03/14/08,brown,123
ILSXISS123/TejJ,m,123_30_9,AL,,,,,,,,,524,,06/22/2005,"AL FC",11/28/06,brown,123
ILSXISS123/TejJ,m,123_30_12,DR,,22.7,,18.5,,3.64,,16.4,,820,06/22/2005,"CR start 11/18/05",09/20/07,brown,123
ILSXISS123/TejJ,m,123_30_15,DR,,22.9,,18.0,,3.56,,16.5,,928,07/20/2005,"CR start 11/18/05",02/03/08,brown,123
ILSXISS123/TejJ,m,123_30_13,DR,,23.1,,17.6,,3.83,,17.9,,985,07/20/2005,"CR start 11/18/05",03/31/08,brown,123
ILSXISS123/TejJ,m,123_30_14,DR,,21.3,,16.1,,4.00,,19.9,,993,07/20/2005,"CR start 11/18/05",04/08/08,brown,123
ILSXISS123/TejJ,m,123_30_16,DR,,22.2,,16.6,,4.48,,21.2,,1044,07/20/2005,"CR start 11/18/05",05/29/08,brown,123
